YAL067C	2039
YAL064W-B	3841
YAL063C-A	859
YAL062W	1502
YAL061W	1662
YAL060W	1311
YAL059W	881
YAL058W	1747
YAL056W	2809
YAL055W	674
YAL054C	2363
YAL053W	2585
YAL049C	1864
YAL047C	1955
YAL046C	577
YAL044W-A	988
YAL044C	611
YAL043C	2468
YAL042W	1388
YAL041W	2658
YAL040C	2255
YAL039C	998
YAL038W	1807
YAL037C-A	342
YAL037W	2941
YAL036C	1428
YAL035W	3193
YAL034W-A	1063
YAL034C	2026
YAL033W	699
YAL032C	1309
YAL031C	2447
YAL030W	639
YAL028W	1680
YAL027W	986
YAL025C	1226
YAL023C	2531
YAL022C	1734
YAL021C	2870
YAL020C	1090
YAL019W	3578
YAL018C	1168
YAL016W	2097
YAL015C	1355
YAL014C	1014
YAL013W	1373
YAL012W	1399
YAL011W	2018
YAL010C	1616
YAL009W	954
YAL008W	825
YAL007C	1004
YAL005C	2300
YAL003W	955
YAL002W	4083
YAR002W	1873
YAR002C-A	935
YAR003W	1846
YAR007C	2020
YAR008W	1067
YAR014C	2457
YAR015W	1311
YAR018C	1538
YAR019C	3045
YAR023C	809
YAR027W	1015
YAR028W	1107
YAR029W	1142
YAR033W	883
YAR035W	2212
YAR042W	3726
YBL107C	824
YBL105C	3861
YBL104C	3245
YBL103C	2111
YBL102W	961
YBL101C	3632
YBL100W-C	750
YBL099W	2219
YBL095W	933
YBL093C	1169
YBL092W	1161
YBL091C-A	745
YBL091C	1453
YBL090W	772
YBL089W	1679
YBL087C	692
YBL086C	1587
YBL085W	3263
YBL082C	1461
YBL081W	1560
YBL080C	1802
YBL078C	881
YBL076C	3363
YBL075C	2530
YBL074C	1365
YBL072C	1222
YBL071W-A	799
YBL071C	691
YBL069W	1563
YBL068W	1462
YBL064C	964
YBL061C	2280
YBL060W	2112
YBL059C-A	568
YBL058W	1458
YBL057C	1168
YBL056W	1814
YBL055C	1722
YBL054W	1879
YBL052C	2836
YBL051C	2518
YBL050W	1047
YBL049W	905
YBL047C	4421
YBL046W	1521
YBL045C	1766
YBL043W	1071
YBL042C	2142
YBL041W	1020
YBL040C	1008
YBL039W-B	619
YBL039C	2084
YBL038W	936
YBL036C	1386
YBL035C	2259
YBL033C	1241
YBL032W	1452
YBL031W	1222
YBL030C	1422
YBL029C-A	1524
YBL028C	652
YBL027W	976
YBL026W	765
YBL025W	963
YBL024W	2338
YBL023C	2888
YBL022C	3597
YBL021C	689
YBL020W	1886
YBL019W	1732
YBL018C	767
YBL016W	1278
YBL015W	1964
YBL014C	2857
YBL011W	3010
YBL010C	1170
YBL009W	2212
YBL008W	2671
YBL007C	3959
YBL006C	761
YBL005W	3284
YBL003C	638
YBL002W	707
YBL001C	623
YBR001C	2653
YBR002C	1131
YBR003W	1576
YBR004C	1471
YBR005W	859
YBR006W	1769
YBR007C	2472
YBR008C	2435
YBR009C	999
YBR010W	593
YBR011C	1117
YBR014C	834
YBR015C	2346
YBR016W	847
YBR017C	2904
YBR018C	1771
YBR019C	2587
YBR020W	2435
YBR021W	2167
YBR022W	913
YBR023C	3725
YBR024W	1122
YBR025C	1583
YBR026C	1326
YBR028C	1816
YBR029C	1618
YBR030W	1989
YBR031W	1293
YBR032W	512
YBR033W	2975
YBR034C	1361
YBR035C	861
YBR036C	1505
YBR037C	1004
YBR038W	3121
YBR039W	1238
YBR041W	2207
YBR042C	1371
YBR043C	2366
YBR044C	1880
YBR046C	1319
YBR047W	725
YBR048W	914
YBR049C	2793
YBR050C	1307
YBR052C	894
YBR053C	1333
YBR054W	1715
YBR055C	2814
YBR056W	1594
YBR056W-A	656
YBR057C	1353
YBR058C	2438
YBR058C-A	549
YBR059C	3475
YBR060C	2015
YBR061C	1554
YBR062C	675
YBR063C	2028
YBR065C	1509
YBR066C	1069
YBR067C	1141
YBR068C	2101
YBR069C	2137
YBR070C	857
YBR071W	1112
YBR072W	992
YBR074W	3000
YBR077C	1201
YBR078W	2051
YBR079C	3074
YBR080C	2465
YBR082C	1015
YBR083W	1764
YBR084W	3191
YBR084C-A	827
YBR085W	1197
YBR085C-A	758
YBR086C	3271
YBR087W	1128
YBR088C	1018
YBR089C-A	927
YBR091C	495
YBR092C	2227
YBR093C	1782
YBR094W	2435
YBR095C	1427
YBR096W	919
YBR098W	2250
YBR101C	1766
YBR102C	2433
YBR103W	1835
YBR104W	1571
YBR105C	1387
YBR106W	1176
YBR107C	1355
YBR108W	3072
YBR109C	673
YBR110W	1718
YBR111C	1042
YBR111W-A	505
YBR112C	3295
YBR114W	2517
YBR115C	4337
YBR118W	1670
YBR119W	1084
YBR120C	818
YBR121C	2319
YBR122C	1258
YBR123C	2064
YBR125C	1517
YBR126C	1767
YBR127C	1777
YBR128C	1156
YBR129C	1169
YBR130C	1462
YBR131W	2226
YBR132C	2291
YBR133C	2740
YBR135W	664
YBR137W	838
YBR138C	1863
YBR139W	1744
YBR141C	1229
YBR142W	2612
YBR143C	1542
YBR145W	1199
YBR146W	1312
YBR147W	1082
YBR149W	1330
YBR151W	1294
YBR153W	1515
YBR154C	837
YBR155W	1326
YBR156C	2313
YBR157C	1409
YBR158W	2067
YBR159W	1259
YBR160W	1345
YBR161W	1518
YBR162C	1979
YBR162W-A	652
YBR163W	1920
YBR164C	1116
YBR165W	1077
YBR166C	1549
YBR167C	1058
YBR168W	1972
YBR169C	2375
YBR170C	1934
YBR171W	833
YBR172C	2492
YBR173C	703
YBR175W	1725
YBR176W	1220
YBR177C	1531
YBR179C	2711
YBR181C	841
YBR182C-A	906
YBR183W	1178
YBR185C	1082
YBR187W	1094
YBR188C	1004
YBR189W	1023
YBR191W	554
YBR192W	1628
YBR193C	1175
YBR194W	735
YBR195C	1483
YBR196C	1935
YBR196C-A	351
YBR197C	1118
YBR198C	2573
YBR199W	1800
YBR200W	1970
YBR201W	1055
YBR201C-A	762
YBR202W	2813
YBR203W	3224
YBR204C	1453
YBR207W	1680
YBR209W	442
YBR210W	477
YBR212W	2675
YBR213W	1119
YBR214W	1889
YBR215W	2221
YBR216C	2353
YBR217W	954
YBR218C	3810
YBR220C	1988
YBR221C	1604
YBR222C	1799
YBR223C	1899
YBR227C	1786
YBR228W	1044
YBR229C	3007
YBR230C	662
YBR230W-A	745
YBR231C	1008
YBR233W	1537
YBR233W-A	681
YBR234C	1321
YBR235W	3504
YBR236C	1576
YBR237W	2683
YBR238C	2650
YBR239C	1854
YBR241C	1703
YBR242W	1025
YBR243C	1750
YBR244W	1133
YBR246W	1363
YBR247C	1604
YBR248C	1941
YBR249C	1435
YBR251W	1133
YBR252W	631
YBR253W	466
YBR254C	707
YBR255W	2270
YBR255C-A	528
YBR256C	914
YBR257W	1291
YBR258C	860
YBR259W	2264
YBR260C	2169
YBR261C	919
YBR262C	481
YBR263W	1678
YBR264C	669
YBR265W	1181
YBR267W	1409
YBR268W	450
YBR269C	716
YBR270C	1936
YBR271W	1613
YBR272C	1706
YBR273C	1453
YBR274W	1870
YBR276C	2622
YBR278W	830
YBR279W	1539
YBR280C	2102
YBR281C	2749
YBR282W	1329
YBR283C	1810
YBR285W	730
YBR286W	1786
YBR287W	1548
YBR288C	1548
YBR289W	2786
YBR290W	1152
YBR291C	1191
YBR296C	2258
YBR297W	1692
YBR298C	2179
YBR299W	1893
YCL064C	1622
YCL063W	1488
YCL059C	1218
YCL058W-A	512
YCL057C-A	650
YCL057W	2288
YCL056C	472
YCL055W	1225
YCL054W	2688
YCL052C	1522
YCL051W	2178
YCL050C	1200
YCL049C	1258
YCL047C	1022
YCL045C	2401
YCL044C	1507
YCL043C	1768
YCL040W	1733
YCL039W	2345
YCL038C	1787
YCL037C	1968
YCL036W	1851
YCL035C	559
YCL034W	1237
YCL033C	634
YCL032W	1196
YCL031C	1080
YCL030C	2597
YCL029C	1655
YCL028W	1617
YCL027W	1791
YCL026C-B	745
YCL026C-A	830
YCL025C	2023
YCL021W-A	570
YCL018W	1394
YCL017C	1975
YCL016C	1346
YCL012C	666
YCL011C	2202
YCL010C	2272
YCL009C	1135
YCL008C	1345
YCL005W-A	412
YCL005W	1196
YCL004W	1716
YCL002C	1208
YCL001W	778
YCR002C	1447
YCR003W	741
YCR004C	1328
YCR005C	1638
YCR006C	1110
YCR007C	1462
YCR008W	2554
YCR009C	1285
YCR010C	1356
YCR011C	3360
YCR012W	1457
YCR015C	1054
YCR016W	1070
YCR017C	3120
YCR019W	1356
YCR020C	1143
YCR020C-A	697
YCR020W-B	813
YCR021C	1293
YCR022C	634
YCR023C	2201
YCR024C	1671
YCR024C-B	662
YCR024C-A	641
YCR025C	813
YCR026C	2541
YCR027C	1458
YCR028C	2407
YCR028C-A	663
YCR030C	3944
YCR031C	1356
YCR034W	1395
YCR035C	1333
YCR036W	1193
YCR037C	2896
YCR043C	611
YCR044C	1199
YCR046C	842
YCR047C	1158
YCR048W	2060
YCR051W	932
YCR052W	1795
YCR053W	1803
YCR054C	1973
YCR057C	2969
YCR059C	1043
YCR060W	486
YCR061W	2314
YCR063W	1076
YCR065W	2248
YCR066W	1695
YCR067C	3410
YCR068W	1815
YCR069W	2278
YCR071C	693
YCR072C	1696
YCR073W-A	1097
YCR075C	951
YCR075W-A	344
YCR076C	917
YCR077C	2593
YCR079W	1515
YCR082W	1696
YCR083W	559
YCR084C	2525
YCR086W	885
YCR087C-A	920
YCR088W	2330
YCR090C	1009
YCR091W	2361
YCR092C	3265
YCR094W	1724
YCR095C	1224
YCR095W-A	1729
YCR097W	427
YCR098C	2038
YCR099C	952
YCR102C	1444
YCR106W	2868
YDL243C	1822
YDL241W	783
YDL240W	3465
YDL238C	1579
YDL237W	1493
YDL236W	1180
YDL235C	784
YDL234C	2550
YDL233W	1571
YDL232W	420
YDL230W	1165
YDL229W	2042
YDL227C	1854
YDL226C	1406
YDL225W	1876
YDL224C	2533
YDL222C	2254
YDL220C	3276
YDL219W	796
YDL218W	1663
YDL217C	1262
YDL216C	1451
YDL215C	3623
YDL213C	1230
YDL212W	871
YDL211C	1383
YDL209C	1307
YDL208W	742
YDL207W	1737
YDL206W	2454
YDL205C	1477
YDL204W	1798
YDL203C	2269
YDL202W	1057
YDL201W	1230
YDL200C	693
YDL199C	2175
YDL198C	1198
YDL197C	2051
YDL195W	4102
YDL193W	1437
YDL192W	1339
YDL191W	517
YDL190C	3295
YDL189W	1759
YDL188C	1470
YDL186W	1058
YDL185W	3485
YDL184C	524
YDL183C	1328
YDL182W	1467
YDL181W	629
YDL180W	1827
YDL179W	1276
YDL178W	1739
YDL177C	706
YDL176W	2381
YDL175C	1282
YDL174C	1965
YDL170W	1782
YDL169C	736
YDL168W	1453
YDL167C	2384
YDL166C	800
YDL165W	798
YDL164C	2493
YDL161W	1577
YDL160C-A	1364
YDL160C	2253
YDL159W	1781
YDL157C	754
YDL156W	1965
YDL155W	2580
YDL153C	2002
YDL150W	1534
YDL149W	3125
YDL148C	2755
YDL147W	1757
YDL146W	1928
YDL145C	4049
YDL144C	1241
YDL143W	1884
YDL142C	1073
YDL141W	2591
YDL139C	842
YDL138W	2400
YDL137W	1311
YDL136W	722
YDL135C	1078
YDL134C	1753
YDL133C-A	368
YDL133W	1893
YDL131W	1499
YDL130W-A	525
YDL130W	470
YDL129W	1431
YDL128W	1550
YDL127W	1170
YDL126C	2651
YDL125C	836
YDL124W	1147
YDL123W	1150
YDL122W	2736
YDL121C	684
YDL120W	849
YDL119C	1169
YDL117W	3098
YDL116W	2303
YDL115C	1234
YDL113C	2109
YDL112W	4465
YDL111C	1031
YDL110C	1250
YDL108W	1281
YDL107W	1278
YDL106C	1841
YDL105W	1789
YDL104C	1402
YDL103C	1701
YDL101C	1802
YDL100C	1248
YDL099W	1218
YDL098C	791
YDL097C	1507
YDL095W	2687
YDL093W	2550
YDL092W	681
YDL091C	1560
YDL090C	1533
YDL089W	1828
YDL088C	1869
YDL087C	959
YDL086W	942
YDL085C-A	595
YDL085W	3270
YDL084W	1808
YDL083C	2252
YDL082W	765
YDL081C	762
YDL080C	2178
YDL079C	2048
YDL078C	1139
YDL076C	1261
YDL075W	566
YDL074C	2312
YDL073W	3199
YDL072C	1154
YDL070W	2335
YDL069C	955
YDL067C	687
YDL066W	1715
YDL065C	1169
YDL064W	611
YDL063C	2144
YDL061C	951
YDL059C	1087
YDL057W	1159
YDL056W	2740
YDL055C	1555
YDL054C	1641
YDL053C	963
YDL052C	1056
YDL051W	1198
YDL049C	1238
YDL048C	1640
YDL047W	1180
YDL046W	904
YDL045W-A	622
YDL045C	1235
YDL044C	1464
YDL043C	1262
YDL042C	1894
YDL040C	2748
YDL036C	1626
YDL035C	3303
YDL033C	1542
YDL031W	3124
YDL030W	1805
YDL029W	1531
YDL028C	2629
YDL027C	1462
YDL025C	2257
YDL024C	1672
YDL022W	1546
YDL021W	1142
YDL020C	1985
YDL019C	4112
YDL018C	1013
YDL017W	1657
YDL015C	1232
YDL014W	1388
YDL013W	2111
YDL012C	1045
YDL010W	1003
YDL008W	711
YDL007W	1503
YDL006W	1297
YDL005C	1577
YDL004W	908
YDL003W	1945
YDL002C	965
YDL001W	1474
YDR001C	2587
YDR002W	877
YDR003W	736
YDR003W-A	818
YDR005C	1460
YDR006C	2946
YDR007W	1267
YDR009W	1817
YDR010C	728
YDR011W	4932
YDR012W	1428
YDR013W	812
YDR014W-A	683
YDR016C	569
YDR018C	1390
YDR019C	1524
YDR020C	1242
YDR021W	1516
YDR022C	758
YDR023W	1614
YDR025W	790
YDR026C	2067
YDR027C	2857
YDR028C	3777
YDR030C	1648
YDR031W	553
YDR032C	922
YDR033W	1970
YDR034C	2772
YDR034W-B	499
YDR035W	1424
YDR036C	1720
YDR037W	1898
YDR041W	935
YDR042C	899
YDR043C	1017
YDR044W	1384
YDR045C	811
YDR046C	2045
YDR047W	1661
YDR049W	2044
YDR050C	1098
YDR051C	1110
YDR052C	2512
YDR054C	1546
YDR055W	1782
YDR056C	895
YDR057W	1781
YDR058C	1186
YDR059C	640
YDR060W	3218
YDR061W	1807
YDR062W	2370
YDR063W	1468
YDR064W	738
YDR065W	2626
YDR066C	827
YDR067C	844
YDR068W	1170
YDR069C	3154
YDR070C	609
YDR071C	822
YDR072C	1862
YDR073W	1048
YDR074W	2954
YDR075W	1276
YDR076W	2355
YDR077W	2022
YDR078C	862
YDR079W	398
YDR079C-A	494
YDR080W	3601
YDR081C	2895
YDR082W	1717
YDR083W	1325
YDR084C	871
YDR085C	2140
YDR086C	631
YDR087C	1033
YDR088C	1499
YDR089W	2784
YDR090C	1430
YDR091C	2278
YDR092W	592
YDR096W	2933
YDR097C	3885
YDR098C	1063
YDR099W	2111
YDR100W	1473
YDR101C	1965
YDR103W	3413
YDR104C	3825
YDR105C	1748
YDR106W	926
YDR107C	2243
YDR108W	2258
YDR109C	2557
YDR110W	1943
YDR111C	2099
YDR113C	1283
YDR115W	700
YDR116C	986
YDR117C	1923
YDR119W	2472
YDR119W-A	570
YDR120C	1925
YDR121W	817
YDR123C	1729
YDR124W	1777
YDR126W	1275
YDR127W	4915
YDR129C	2559
YDR130C	1207
YDR131C	1819
YDR132C	1682
YDR135C	4699
YDR137W	2256
YDR138W	2908
YDR139C	497
YDR140W	778
YDR142C	1469
YDR143C	2188
YDR144C	2193
YDR145W	1845
YDR146C	2365
YDR147W	2093
YDR148C	1931
YDR151C	1472
YDR152W	1090
YDR153C	1478
YDR155C	738
YDR156W	934
YDR158W	1360
YDR161W	1398
YDR162C	1211
YDR163W	690
YDR164C	2396
YDR165W	1440
YDR166C	3067
YDR167W	755
YDR168W	1821
YDR169C	2142
YDR171W	1300
YDR172W	2299
YDR173C	1273
YDR174W	938
YDR175C	1530
YDR176W	2241
YDR177W	914
YDR178W	846
YDR179C	659
YDR179W-A	1628
YDR180W	4685
YDR181C	1649
YDR182W	1659
YDR182W-A	282
YDR183W	771
YDR184C	1163
YDR185C	868
YDR186C	2974
YDR188W	2294
YDR189W	2165
YDR190C	1657
YDR191W	1268
YDR192C	1465
YDR194C	2178
YDR195W	1937
YDR196C	832
YDR197W	1417
YDR198C	1603
YDR200C	1995
YDR201W	662
YDR202C	1245
YDR204W	1163
YDR205W	2240
YDR207C	2676
YDR208W	2654
YDR210W	753
YDR211W	2381
YDR212W	2296
YDR213W	2998
YDR214W	1267
YDR215C	2019
YDR219C	1797
YDR221W	2663
YDR222W	1656
YDR223W	1876
YDR224C	641
YDR225W	727
YDR226W	811
YDR227W	4372
YDR228C	2040
YDR229W	1529
YDR231C	938
YDR232W	2107
YDR233C	1315
YDR234W	2330
YDR235W	1743
YDR236C	1210
YDR237W	1297
YDR238C	3298
YDR239C	2496
YDR240C	1587
YDR242W	1862
YDR243C	1861
YDR244W	2064
YDR245W	1453
YDR246W	901
YDR247W	2129
YDR248C	915
YDR249C	1467
YDR251W	2936
YDR252W	1364
YDR253C	859
YDR254W	1526
YDR255C	1617
YDR256C	1740
YDR257C	1819
YDR258C	2573
YDR259C	1311
YDR260C	1204
YDR261C	1943
YDR262W	1339
YDR263C	1473
YDR264C	2634
YDR265W	1426
YDR266C	2260
YDR267C	1387
YDR268W	1421
YDR270W	3174
YDR272W	1908
YDR273W	1654
YDR274C	1631
YDR275W	1673
YDR276C	623
YDR277C	1741
YDR279W	1249
YDR280W	1348
YDR281C	756
YDR282C	1454
YDR284C	1248
YDR286C	651
YDR287W	1126
YDR288W	1056
YDR289C	1724
YDR291W	3564
YDR292C	2193
YDR293C	4181
YDR294C	1914
YDR295C	2362
YDR296W	804
YDR297W	1385
YDR298C	1359
YDR299W	1755
YDR300C	1609
YDR301W	4277
YDR302W	906
YDR303C	3067
YDR304C	834
YDR305C	763
YDR306C	1682
YDR307W	2195
YDR308C	1076
YDR309C	1633
YDR311W	2070
YDR312W	1621
YDR313C	1472
YDR315C	1010
YDR316W	1528
YDR317W	1362
YDR318W	1260
YDR319C	1431
YDR320C	2136
YDR320C-A	310
YDR321W	1396
YDR322W	1241
YDR322C-A	662
YDR323C	1727
YDR325W	3679
YDR328C	844
YDR329C	1441
YDR330W	1790
YDR331W	1417
YDR332W	2177
YDR333C	2434
YDR335W	4123
YDR336W	1082
YDR337W	1156
YDR338C	2364
YDR339C	1083
YDR341C	2009
YDR342C	2066
YDR343C	2144
YDR345C	1887
YDR346C	1976
YDR347W	1209
YDR348C	1993
YDR349C	2028
YDR350C	2158
YDR351W	2800
YDR352W	1624
YDR353W	1092
YDR354W	1353
YDR357C	605
YDR358W	1923
YDR361C	1242
YDR362C	2330
YDR363W	2488
YDR363W-A	703
YDR364C	1875
YDR365C	2077
YDR367W	907
YDR368W	1201
YDR370C	1449
YDR371W	1702
YDR372C	1558
YDR373W	762
YDR374W-A	584
YDR375C	1452
YDR376W	1680
YDR377W	672
YDR378C	923
YDR379W	3181
YDR379C-A	554
YDR380W	2157
YDR381W	1127
YDR381C-A	604
YDR382W	582
YDR383C	1014
YDR384C	1410
YDR385W	2807
YDR386W	2031
YDR387C	1932
YDR388W	1651
YDR389W	2793
YDR390C	2041
YDR391C	1208
YDR392W	1187
YDR393W	1615
YDR394W	1490
YDR395W	3061
YDR397C	829
YDR398W	2106
YDR399W	978
YDR400W	1332
YDR404C	852
YDR405W	1608
YDR407C	4063
YDR408C	997
YDR410C	895
YDR411C	1173
YDR412W	1011
YDR414C	1449
YDR415C	1504
YDR416W	2689
YDR418W	611
YDR419W	2241
YDR421W	2949
YDR422C	2796
YDR423C	1332
YDR424C	397
YDR425W	2037
YDR427W	1350
YDR428C	929
YDR429C	1057
YDR430C	3070
YDR434W	1808
YDR435C	1328
YDR436W	2428
YDR437W	1869
YDR438W	1710
YDR439W	1216
YDR440W	1945
YDR441C	992
YDR444W	2222
YDR447C	693
YDR448W	1421
YDR449C	1572
YDR450W	768
YDR451C	1461
YDR452W	2365
YDR453C	878
YDR454C	1075
YDR456W	2076
YDR458C	2208
YDR459C	1295
YDR460W	1208
YDR461W	287
YDR461C-A	475
YDR462W	677
YDR463W	1826
YDR465C	1592
YDR466W	2992
YDR468C	1081
YDR469W	1256
YDR470C	1811
YDR471W	682
YDR472W	1232
YDR473C	1697
YDR475C	2801
YDR476C	1475
YDR477W	2346
YDR478W	1760
YDR479C	1815
YDR481C	1815
YDR482C	698
YDR483W	1626
YDR484W	2084
YDR485C	2592
YDR486C	959
YDR487C	1983
YDR488C	1805
YDR489W	1509
YDR490C	2554
YDR492W	1193
YDR493W	641
YDR494W	1242
YDR495C	3246
YDR496C	2238
YDR497C	2011
YDR498C	4716
YDR499W	2344
YDR500C	506
YDR502C	1498
YDR503C	1122
YDR504C	1706
YDR505C	2893
YDR506C	2301
YDR507C	3620
YDR508C	2275
YDR510W	1181
YDR511W	1190
YDR512C	780
YDR513W	1456
YDR514C	1633
YDR515W	1597
YDR516C	1737
YDR517W	1645
YDR518W	1746
YDR519W	690
YDR520C	2538
YDR523C	1752
YDR524C	2000
YDR524C-B	557
YDR525W-A	1069
YDR527W	2027
YDR528W	1731
YDR529C	774
YDR530C	1148
YDR531W	1290
YDR532C	1458
YDR533C	1065
YDR534C	2422
YDR536W	2002
YDR538W	1871
YDR539W	1905
YDR540C	927
YDR541C	1457
YEL073C	1161
YEL072W	1143
YEL071W	1630
YEL068C	1116
YEL066W	1121
YEL065W	1982
YEL064C	1810
YEL063C	2307
YEL062W	1992
YEL061C	3370
YEL060C	2199
YEL059C-A	743
YEL058W	2075
YEL057C	1079
YEL056W	1356
YEL055C	3198
YEL054C	1049
YEL053C	2374
YEL052W	1826
YEL051W	1025
YEL050C	1424
YEL049W	514
YEL048C	1179
YEL046C	1886
YEL044W	1261
YEL043W	3005
YEL042W	2231
YEL041W	2122
YEL040W	1624
YEL039C	652
YEL038W	924
YEL037C	1546
YEL036C	1859
YEL034W	1174
YEL032W	3154
YEL031W	3783
YEL030W	2575
YEL029C	1381
YEL028W	1138
YEL027W	931
YEL026W	1314
YEL024W	1368
YEL023C	2693
YEL022W	4536
YEL021W	973
YEL020W-A	409
YEL019C	971
YEL018W	994
YEL017C-A	636
YEL017W	1588
YEL016C	1838
YEL015W	1870
YEL013W	2458
YEL012W	913
YEL011W	2320
YEL009C	1601
YEL008W	864
YEL006W	1439
YEL005C	988
YEL004W	1430
YEL003W	673
YEL002C	1518
YEL001C	1016
YER001W	2587
YER002W	908
YER003C	1606
YER004W	1253
YER005W	2227
YER006W	1754
YER007W	1737
YER007C-A	1013
YER008C	4163
YER009W	695
YER010C	840
YER011W	980
YER012W	868
YER014W	1802
YER015W	2530
YER016W	1207
YER017C	2547
YER018C	2025
YER019W	1570
YER019C-A	366
YER020W	1651
YER021W	1758
YER022W	2201
YER023W	1108
YER025W	1937
YER026C	1126
YER027C	1579
YER028C	1709
YER029C	786
YER030W	737
YER031C	1016
YER032W	2939
YER034W	860
YER035W	896
YER036C	1998
YER037W	1211
YER038C	1902
YER038W-A	1180
YER039C	935
YER039C-A	711
YER040W	2543
YER041W	2519
YER042W	797
YER043C	1685
YER044C	977
YER045C	1830
YER046W	1154
YER048C	1611
YER048W-A	1075
YER049W	2115
YER050C	779
YER051W	1512
YER052C	1810
YER053C	1432
YER053C-A	671
YER054C	2380
YER055C	1087
YER056C	1956
YER056C-A	1019
YER057C	884
YER058W	528
YER059W	2006
YER060W	1727
YER060W-A	1826
YER061C	1498
YER062C	1127
YER063W	954
YER064C	2125
YER065C	2124
YER066W	1615
YER067W	857
YER068W	1997
YER069W	2716
YER070W	2942
YER071C	727
YER072W	772
YER073W	2050
YER074W	616
YER074W-A	547
YER076C	1482
YER077C	2355
YER078C	1863
YER078W-A	783
YER079W	992
YER080W	2025
YER081W	2068
YER082C	2064
YER083C	1121
YER085C	736
YER086W	1969
YER087W	1946
YER087C-B	658
YER088C	2297
YER089C	1809
YER090W	1810
YER091C	2745
YER092W	813
YER093C-A	577
YER094C	1104
YER095W	1695
YER096W	1681
YER098W	2654
YER099C	1871
YER100W	1142
YER101C	1530
YER102W	1055
YER103W	2548
YER104W	1705
YER105C	4272
YER107C	1425
YER110C	3636
YER112W	760
YER113C	2416
YER114C	3620
YER115C	1642
YER116C	1376
YER117W	499
YER118C	1492
YER119C	1532
YER120W	927
YER121W	609
YER122C	1712
YER123W	2305
YER124C	2270
YER125W	3333
YER126C	1318
YER127W	1299
YER128W	922
YER130C	1682
YER131W	988
YER133W	1448
YER134C	1544
YER135C	1180
YER136W	1837
YER137C	716
YER139C	1544
YER140W	2110
YER141W	1773
YER142C	1277
YER143W	1552
YER144C	2627
YER145C	1413
YER146W	782
YER147C	2022
YER148W	1103
YER149C	1436
YER150W	1269
YER151C	2934
YER152C	1945
YER154W	1985
YER156C	1182
YER157W	2505
YER158C	2049
YER159C	826
YER161C	1341
YER162C	2365
YER163C	923
YER165W	2075
YER167W	2934
YER168C	1775
YER169W	2880
YER170W	1092
YER171W	2585
YER173W	2184
YER174C	965
YER175C	1209
YER175W-A	2079
YER176W	3502
YER177W	1385
YER178W	1411
YER179W	1290
YER180C	1355
YER180C-A	953
YER181C	989
YER182W	1013
YER183C	785
YER184C	2672
YER185W	1086
YER186C	1274
YER187W	1245
YER188W	1267
YFL062W	1233
YFL055W	2406
YFL054C	3989
YFL052W	2729
YFL049W	2052
YFL048C	1525
YFL047W	2265
YFL046W	975
YFL045C	1949
YFL044C	1194
YFL042C	2150
YFL041W-A	1099
YFL041W	2075
YFL039C	1624
YFL038C	865
YFL037W	1672
YFL034C-B	1103
YFL034C-A	555
YFL034W	3506
YFL031W	1217
YFL030W	1376
YFL029C	1212
YFL028C	1028
YFL027C	1587
YFL026W	1485
YFL024C	3198
YFL023W	2517
YFL022C	1688
YFL021W	1834
YFL020C	1153
YFL018C	1707
YFL017W-A	636
YFL017C	692
YFL016C	1726
YFL014W	600
YFL013C	2283
YFL012W	666
YFL010C	1031
YFL009W	2655
YFL008W	3824
YFL005W	1092
YFL004W	2860
YFL002C	1991
YFL001W	1419
YFR001W	827
YFR002W	2643
YFR003C	739
YFR004W	1067
YFR005C	1623
YFR006W	1769
YFR007W	1205
YFR008W	1156
YFR009W	2404
YFR010W	1678
YFR011C	718
YFR012W-A	1578
YFR013W	2564
YFR014C	1664
YFR015C	2395
YFR016C	3842
YFR017C	836
YFR018C	1328
YFR020W	2042
YFR021W	1811
YFR022W	2584
YFR024C-A	1642
YFR025C	1175
YFR026C	1726
YFR027W	1049
YFR028C	1792
YFR029W	2193
YFR030W	3221
YFR031C-A	1222
YFR032C	1044
YFR032C-A	650
YFR033C	1343
YFR034C	1350
YFR036W	553
YFR037C	1880
YFR038W	2670
YFR039C	1740
YFR040W	3405
YFR041C	1048
YFR042W	975
YFR043C	811
YFR044C	1720
YFR045W	1085
YFR046C	1362
YFR047C	1196
YFR048W	2087
YFR049W	647
YFR050C	1046
YFR051C	1760
YFR052W	1083
YFR053C	1640
YFR054C	1373
YFR055W	1947
YGL263W	1303
YGL258W	1537
YGL257C	1946
YGL256W	2037
YGL255W	1547
YGL254W	1662
YGL253W	1705
YGL252C	2015
YGL250W	1065
YGL248W	1299
YGL247W	732
YGL246C	1343
YGL245W	2374
YGL244W	1846
YGL243W	1358
YGL242C	825
YGL241W	3142
YGL240W	1641
YGL238W	3058
YGL237C	1137
YGL236C	2310
YGL234W	2604
YGL233W	2829
YGL232W	1004
YGL231C	959
YGL230C	561
YGL229C	2957
YGL228W	2067
YGL227W	3110
YGL226C-A	449
YGL226W	478
YGL225W	1182
YGL224C	1048
YGL223C	1333
YGL222C	758
YGL221C	1047
YGL220W	813
YGL219C	1532
YGL216W	2734
YGL215W	2391
YGL213C	1490
YGL212W	1059
YGL211W	2529
YGL210W	1269
YGL209W	1341
YGL208W	1429
YGL207W	3341
YGL205W	2507
YGL204C	935
YGL203C	2363
YGL202W	1753
YGL201C	3307
YGL200C	890
YGL198W	1092
YGL196W	1784
YGL194C-A	696
YGL194C	1547
YGL193C	477
YGL192W	1888
YGL191W	749
YGL190C	2589
YGL189C	923
YGL188C-A	355
YGL187C	1279
YGL186C	1836
YGL185C	1547
YGL184C	1559
YGL181W	1339
YGL180W	3212
YGL179C	1824
YGL176C	2536
YGL175C	1322
YGL174W	983
YGL172W	1578
YGL171W	1861
YGL169W	1543
YGL167C	3464
YGL166W	905
YGL164C	1501
YGL163C	2957
YGL162W	1302
YGL161C	1199
YGL160W	1956
YGL159W	1507
YGL158W	2054
YGL157W	1246
YGL156W	3477
YGL155W	1669
YGL154C	924
YGL153W	1163
YGL151W	3541
YGL150C	4828
YGL148W	1343
YGL147C	698
YGL146C	1255
YGL145W	2296
YGL144C	2156
YGL143C	1521
YGL142C	2045
YGL141W	2897
YGL140C	4128
YGL139W	3045
YGL137W	3013
YGL136C	1142
YGL135W	817
YGL134W	1701
YGL130W	1674
YGL129C	1593
YGL128C	1060
YGL127C	630
YGL125W	2238
YGL124C	2091
YGL123W	1145
YGL122C	1987
YGL121C	716
YGL120C	2496
YGL119W	1643
YGL117W	1279
YGL116W	2097
YGL115W	1208
YGL114W	2508
YGL113W	2302
YGL112C	1749
YGL111W	1639
YGL110C	1985
YGL108C	893
YGL107C	2124
YGL106W	636
YGL105W	1261
YGL104C	1616
YGL103W	1115
YGL101W	951
YGL100W	1246
YGL099W	2041
YGL098W	1753
YGL097W	1643
YGL096W	1462
YGL095C	1906
YGL094C	3686
YGL093W	2829
YGL092W	4090
YGL091C	1211
YGL090W	1975
YGL089C	584
YGL087C	656
YGL085W	1065
YGL084C	1957
YGL083W	2643
YGL082W	1433
YGL081W	1432
YGL080W	722
YGL079W	909
YGL078C	1890
YGL077C	1900
YGL076C	875
YGL075C	1443
YGL073W	2655
YGL071W	2307
YGL070C	725
YGL068W	895
YGL067W	1445
YGL066W	2347
YGL065C	1682
YGL064C	1794
YGL063W	1761
YGL062W	3646
YGL061C	1064
YGL060W	2161
YGL059W	1655
YGL058W	1018
YGL057C	1098
YGL056C	1766
YGL055W	1883
YGL054C	824
YGL053W	962
YGL050W	1111
YGL049C	3071
YGL048C	1379
YGL047W	817
YGL045W	2203
YGL044C	1407
YGL043W	1366
YGL041C-B	627
YGL041W-A	661
YGL040C	1347
YGL039W	1654
YGL038C	1900
YGL037C	912
YGL034C	551
YGL032C	587
YGL031C	1094
YGL030W	471
YGL029W	811
YGL028C	2112
YGL027C	2626
YGL026C	2306
YGL023C	2086
YGL022W	2390
YGL020C	897
YGL019W	1097
YGL018C	859
YGL017W	1694
YGL016W	3496
YGL015C	706
YGL014W	3159
YGL013C	3331
YGL012W	1648
YGL011C	1075
YGL010W	802
YGL009C	2537
YGL008C	3525
YGL007C-A	1153
YGL007W	779
YGL006W	4124
YGL005C	1099
YGL004C	1392
YGL003C	1840
YGL002W	1018
YGL001C	1252
YGR001C	839
YGR002C	1730
YGR003W	2470
YGR004W	1722
YGR005C	1417
YGR006W	1368
YGR007W	1628
YGR008C	1080
YGR009C	2146
YGR012W	1251
YGR013W	2177
YGR014W	4285
YGR015C	1236
YGR016W	1067
YGR017W	1584
YGR018C	981
YGR019W	1566
YGR020C	771
YGR021W	1019
YGR023W	2097
YGR026W	1236
YGR027C	863
YGR028W	1429
YGR029W	842
YGR030C	580
YGR031W	1669
YGR033C	1123
YGR034W	801
YGR035C	630
YGR035W-A	2395
YGR036C	1794
YGR037C	1511
YGR038W	1168
YGR039W	501
YGR040W	1926
YGR041W	2285
YGR042W	1379
YGR043C	1236
YGR044C	1262
YGR045C	634
YGR046W	1614
YGR047C	3153
YGR048W	1218
YGR049W	918
YGR050C	638
YGR053C	1034
YGR054W	2311
YGR055W	1958
YGR056W	3177
YGR057C	1469
YGR058W	1313
YGR060W	1338
YGR061C	4264
YGR062C	1282
YGR063C	588
YGR065C	2032
YGR066C	1087
YGR067C	2613
YGR068C	2234
YGR071C	2841
YGR072W	1322
YGR074W	776
YGR075C	1260
YGR076C	677
YGR077C	1864
YGR078C	704
YGR080W	1197
YGR081C	1000
YGR082W	857
YGR084C	1219
YGR085C	1531
YGR086C	1392
YGR088W	1800
YGR089W	3143
YGR090W	4099
YGR091W	1733
YGR092W	1895
YGR093W	1700
YGR094W	3407
YGR095C	799
YGR096W	1021
YGR097W	3658
YGR099W	2180
YGR100W	3102
YGR101W	1298
YGR102C	761
YGR103W	2063
YGR104C	1116
YGR105W	468
YGR106C	1014
YGR108W	1859
YGR109C	1353
YGR110W	1487
YGR111W	1417
YGR112W	1481
YGR113W	1429
YGR116W	4637
YGR117C	1718
YGR118W	805
YGR119C	1866
YGR120C	1019
YGR121C	1656
YGR121W-A	444
YGR122W	1728
YGR123C	1748
YGR124W	2047
YGR125W	3369
YGR126W	1006
YGR127W	1808
YGR128C	2282
YGR129W	1430
YGR130C	2766
YGR131W	758
YGR132C	2030
YGR134W	3694
YGR135W	950
YGR138C	2211
YGR141W	1853
YGR142W	1507
YGR145W	2280
YGR146C	1126
YGR146C-A	836
YGR147C	1272
YGR148C	1205
YGR149W	1589
YGR150C	2758
YGR153W	896
YGR154C	1588
YGR155W	1735
YGR156W	1577
YGR157W	3027
YGR158C	1077
YGR159C	1530
YGR161C	1099
YGR161W-C	588
YGR163W	1205
YGR165W	1300
YGR166W	1826
YGR167W	1021
YGR168C	1269
YGR169C	1363
YGR169C-A	793
YGR170W	3716
YGR171C	1873
YGR172C	1020
YGR173W	1204
YGR174C	799
YGR174W-A	1005
YGR175C	1797
YGR177C	1889
YGR178C	2540
YGR179C	1401
YGR180C	1381
YGR181W	602
YGR183C	737
YGR185C	1355
YGR186W	2334
YGR187C	1471
YGR188C	3311
YGR189C	1776
YGR191W	2328
YGR192C	1146
YGR193C	1444
YGR195W	1244
YGR196C	2620
YGR197C	1922
YGR198W	2640
YGR199W	2627
YGR200C	2476
YGR201C	752
YGR202C	1491
YGR203W	1090
YGR204W	3006
YGR204C-A	1211
YGR205W	1171
YGR206W	578
YGR207C	942
YGR208W	1126
YGR209C	485
YGR210C	1486
YGR211W	1782
YGR212W	1465
YGR213C	1103
YGR214W	1004
YGR215W	598
YGR216C	1982
YGR218W	3750
YGR220C	1206
YGR221C	2035
YGR222W	1068
YGR223C	1490
YGR225W	2018
YGR227W	1812
YGR229C	1781
YGR230W	712
YGR231C	1179
YGR232W	852
YGR233C	3814
YGR234W	1575
YGR235C	846
YGR236C	955
YGR237C	2549
YGR239C	1063
YGR240C	3431
YGR241C	2044
YGR243W	738
YGR244C	1499
YGR245C	2801
YGR246C	2028
YGR247W	1052
YGR248W	883
YGR250C	2703
YGR251W	1176
YGR252W	1590
YGR253C	1674
YGR254W	1628
YGR255C	1754
YGR256W	1600
YGR257C	1268
YGR258C	3180
YGR260W	1961
YGR261C	2602
YGR262C	1020
YGR263C	1406
YGR264C	2398
YGR266W	2315
YGR267C	1677
YGR268C	896
YGR271C-A	833
YGR273C	831
YGR274C	3296
YGR277C	1053
YGR278W	1901
YGR279C	1728
YGR280C	1153
YGR282C	1490
YGR283C	1181
YGR284C	1218
YGR285C	1478
YGR286C	1518
YGR287C	1983
YGR288W	2015
YGR289C	2341
YGR292W	2005
YGR294W	821
YHL048W	1259
YHL047C	2291
YHL046C	1502
YHL044W	1034
YHL043W	965
YHL042W	790
YHL040C	2481
YHL039W	1872
YHL038C	2071
YHL037C	742
YHL036W	1775
YHL034C	1160
YHL033C	1533
YHL032C	2229
YHL031C	781
YHL029C	2159
YHL028W	1969
YHL027W	2227
YHL026C	1175
YHL025W	1279
YHL023C	3584
YHL021C	1609
YHL020C	1431
YHL019C	1944
YHL018W	513
YHL017W	1731
YHL016C	2327
YHL015W	665
YHL014C	1302
YHL013C	1097
YHL011C	1328
YHL009C	1472
YHL008C	2226
YHL007C	3102
YHL006C	918
YHL004W	1446
YHL003C	1666
YHL002W	1502
YHL001W	727
YHR001W	1651
YHR001W-A	506
YHR002W	1362
YHR003C	1462
YHR005C	1606
YHR005C-A	878
YHR006W	1810
YHR007C	2013
YHR007C-A	1134
YHR008C	1025
YHR009C	1959
YHR010W	686
YHR011W	1578
YHR012W	1168
YHR013C	988
YHR014W	1321
YHR016C	1582
YHR017W	1264
YHR018C	1599
YHR019C	1850
YHR020W	2304
YHR021C	365
YHR022C	1990
YHR022C-A	899
YHR024C	1794
YHR025W	1252
YHR026W	1021
YHR027C	3184
YHR028C	2624
YHR029C	1018
YHR030C	1800
YHR031C	2424
YHR033W	1673
YHR034C	1171
YHR035W	4417
YHR036W	1813
YHR037W	1955
YHR038W	850
YHR039C	2197
YHR039C-A	488
YHR040W	1215
YHR041C	744
YHR042W	2356
YHR043C	979
YHR044C	1046
YHR045W	1930
YHR046C	1251
YHR047C	2790
YHR048W	1963
YHR049W	1018
YHR050W	1902
YHR050W-A	825
YHR051W	1060
YHR052W	1315
YHR057C	1544
YHR058C	991
YHR059W	750
YHR060W	663
YHR061C	1371
YHR062C	977
YHR063C	1327
YHR064C	1848
YHR065C	1695
YHR066W	1577
YHR067W	1238
YHR068W	1523
YHR069C	1331
YHR070W	2067
YHR072W	2378
YHR072W-A	453
YHR074W	2476
YHR075C	1330
YHR076W	1742
YHR077C	3463
YHR078W	2018
YHR079C	3829
YHR080C	4312
YHR081W	907
YHR082C	4171
YHR083W	1254
YHR084W	2688
YHR085W	1176
YHR086W	2243
YHR087W	815
YHR088W	1113
YHR089C	1006
YHR090C	1136
YHR091C	2068
YHR092C	1967
YHR094C	2431
YHR097C	1233
YHR098C	3014
YHR100C	869
YHR101C	1352
YHR102W	3515
YHR103W	2998
YHR104W	1272
YHR105W	963
YHR106W	1611
YHR107C	1493
YHR108W	2005
YHR109W	1869
YHR110W	817
YHR111W	1998
YHR112C	1843
YHR113W	1651
YHR116W	1597
YHR117W	2174
YHR118C	1466
YHR119W	3641
YHR121W	863
YHR122W	1065
YHR123W	1355
YHR126C	744
YHR127W	1210
YHR128W	984
YHR129C	1356
YHR130C	1572
YHR131C	2771
YHR132C	1522
YHR132W-A	589
YHR133C	932
YHR134W	953
YHR135C	1866
YHR136C	736
YHR137W	1999
YHR138C	747
YHR139C	1288
YHR140W	826
YHR141C	651
YHR142W	1176
YHR143W	1525
YHR143W-A	562
YHR144C	1103
YHR146W	1489
YHR147C	912
YHR148W	943
YHR149C	2482
YHR150W	2006
YHR151C	1911
YHR152W	759
YHR153C	1155
YHR154W	3349
YHR156C	1577
YHR157W	1291
YHR159W	2655
YHR160C	932
YHR161C	2208
YHR162W	891
YHR163W	977
YHR166C	2142
YHR167W	1088
YHR168W	1812
YHR169W	1515
YHR170W	1775
YHR171W	2029
YHR172W	2965
YHR174W	1642
YHR175W	768
YHR175W-A	977
YHR176W	1445
YHR178W	2462
YHR179W	1468
YHR181W	855
YHR182W	2434
YHR183W	1715
YHR187W	1084
YHR188C	1921
YHR189W	1468
YHR190W	1494
YHR191C	661
YHR192W	954
YHR193C	623
YHR194W	1900
YHR195W	1376
YHR196W	1866
YHR197W	2440
YHR198C	1110
YHR199C	1197
YHR200W	1340
YHR201C	1298
YHR202W	1905
YHR203C	993
YHR204W	2531
YHR205W	3160
YHR208W	1377
YHR209W	1402
YHR210C	1272
YHR216W	1796
YIL169C	3306
YIL165C	577
YIL162W	1860
YIL161W	812
YIL160C	1424
YIL159W	4213
YIL158W	784
YIL157C	829
YIL156W-B	446
YIL156W	3354
YIL155C	2345
YIL154C	1351
YIL153W	1272
YIL152W	892
YIL150C	2074
YIL148W	681
YIL147C	4168
YIL146C	2163
YIL145C	1460
YIL144W	2363
YIL142W	1797
YIL140W	2723
YIL139C	1083
YIL138C	1285
YIL137C	2986
YIL136W	1331
YIL135C	1556
YIL134C-A	797
YIL134W	1280
YIL133C	847
YIL132C	1049
YIL131C	1736
YIL127C	1311
YIL126W	4286
YIL125W	3544
YIL124W	1325
YIL123W	2488
YIL122W	1501
YIL121W	1792
YIL119C	1722
YIL118W	1006
YIL117C	1240
YIL116W	1218
YIL115C	4578
YIL114C	1059
YIL113W	761
YIL112W	3425
YIL111W	900
YIL110W	1431
YIL109C	3044
YIL108W	2345
YIL107C	2916
YIL106W	1117
YIL105C	2356
YIL104C	1681
YIL103W	1426
YIL102C-A	1458
YIL101C	2162
YIL098C	645
YIL097W	1709
YIL096C	1192
YIL095W	2678
YIL094C	1724
YIL093C	1007
YIL092W	2080
YIL091C	2283
YIL090W	1977
YIL089W	1121
YIL088C	1677
YIL087C	799
YIL085C	1869
YIL084C	2170
YIL083C	1586
YIL079C	1279
YIL078W	2366
YIL077C	1635
YIL076W	1368
YIL075C	2999
YIL074C	1653
YIL071C	1655
YIL070C	1007
YIL069C	634
YIL068C	2544
YIL067C	2184
YIL066C	3780
YIL065C	579
YIL064W	918
YIL063C	1166
YIL062C	719
YIL061C	975
YIL057C	859
YIL056W	2319
YIL055C	2749
YIL054W	1149
YIL053W	941
YIL052C	452
YIL051C	612
YIL050W	1099
YIL049W	845
YIL048W	3831
YIL046W-A	589
YIL046W	2134
YIL045W	1848
YIL044C	1139
YIL043C	1030
YIL042C	1366
YIL041W	1201
YIL040W	520
YIL039W	1700
YIL036W	2103
YIL035C	1585
YIL034C	966
YIL033C	1725
YIL031W	3387
YIL030C	4098
YIL029C	932
YIL027C	679
YIL026C	3656
YIL024C	1523
YIL023C	1118
YIL022W	1732
YIL021W	1156
YIL020C	961
YIL019W	1354
YIL018W	891
YIL017C	2977
YIL016W	764
YIL014C-A	609
YIL014W	2203
YIL012W	761
YIL011W	1134
YIL010W	946
YIL009C-A	815
YIL009W	2321
YIL008W	567
YIL007C	962
YIL006W	1514
YIL005W	2428
YIL004C	623
YIL003W	1408
YIL002W-A	542
YIL002C	2981
YIL001W	1677
YIR001C	1149
YIR003W	2250
YIR004W	1457
YIR005W	760
YIR007W	2407
YIR008C	1402
YIR009W	866
YIR010W	1931
YIR011C	1097
YIR012W	1366
YIR013C	1047
YIR014W	767
YIR016W	1274
YIR017C	897
YIR018W	1272
YIR018C-A	1143
YIR020C	3311
YIR021W	1246
YIR022W	871
YIR023W	3043
YIR024C	901
YIR025W	1295
YIR026C	1302
YIR029W	1231
YIR030C	832
YIR031C	1873
YIR032C	775
YIR033W	3489
YIR034C	1317
YIR035C	1366
YIR036C	1105
YIR037W	751
YIR038C	1535
YIR039C	1889
YIR041W	1922
YIR042C	1193
YJL218W	848
YJL217W	813
YJL213W	1537
YJL212C	2674
YJL210W	953
YJL209W	2120
YJL208C	1342
YJL205C	551
YJL203W	1159
YJL201W	1895
YJL200C	2633
YJL199C	929
YJL198W	2785
YJL197W	3865
YJL196C	1226
YJL194W	1699
YJL193W	1353
YJL192C	889
YJL191W	700
YJL190C	600
YJL189W	332
YJL187C	2658
YJL186W	1910
YJL185C	1139
YJL184W	505
YJL183W	1425
YJL181W	1966
YJL180C	1148
YJL179W	522
YJL178C	979
YJL177W	901
YJL176C	2770
YJL174W	1166
YJL173C	560
YJL172W	1917
YJL171C	1446
YJL170C	753
YJL168C	2477
YJL167W	1274
YJL166W	586
YJL165C	2748
YJL164C	1587
YJL163C	1814
YJL162C	1949
YJL161W	1247
YJL160C	944
YJL159W	1739
YJL158C	1082
YJL156C	2544
YJL155C	1680
YJL154C	2982
YJL153C	1747
YJL151C	841
YJL149W	2082
YJL148W	1313
YJL147C	1378
YJL146W	1760
YJL145W	1076
YJL144W	630
YJL143W	908
YJL142C	1771
YJL141C	2656
YJL140W	898
YJL139C	2214
YJL138C	1547
YJL137C	1542
YJL136C	437
YJL134W	1383
YJL133C-A	426
YJL133W	1255
YJL132W	2415
YJL131C	1493
YJL128C	2427
YJL127C-B	1170
YJL127C	2481
YJL126W	1121
YJL125C	1332
YJL124C	908
YJL123C	1600
YJL122W	718
YJL121C	1144
YJL118W	845
YJL117W	1370
YJL116C	1543
YJL115W	1602
YJL112W	2345
YJL111W	1906
YJL110C	1883
YJL108C	1642
YJL106W	2661
YJL104W	1020
YJL103C	2256
YJL102W	2619
YJL101C	2455
YJL100W	2250
YJL098W	3945
YJL097W	836
YJL096W	633
YJL094C	2810
YJL092W	3874
YJL091C	1886
YJL090C	2400
YJL088W	1121
YJL087C	2784
YJL085W	2060
YJL084C	3401
YJL083W	2256
YJL082W	2532
YJL081C	1814
YJL080C	3966
YJL079C	1368
YJL078C	3089
YJL077W-B	2169
YJL077W-A	587
YJL076W	3762
YJL073W	2147
YJL072C	860
YJL071W	1926
YJL070C	2790
YJL069C	1898
YJL068C	1127
YJL066C	1013
YJL065C	632
YJL063C	1047
YJL062W-A	575
YJL062W	2616
YJL061W	2468
YJL060W	1504
YJL059W	1353
YJL058C	1697
YJL057C	2138
YJL056C	2845
YJL055W	1160
YJL054W	1646
YJL053W	1376
YJL052W	1212
YJL051W	2636
YJL050W	3331
YJL049W	1467
YJL048C	1445
YJL047C-A	719
YJL047C	2874
YJL046W	1525
YJL045W	2116
YJL044C	1689
YJL043W	1182
YJL042W	4420
YJL041W	2658
YJL038C	713
YJL036W	1633
YJL035C	959
YJL034W	2402
YJL033W	2422
YJL031C	1164
YJL030W	629
YJL029C	2650
YJL027C	961
YJL026W	1534
YJL025W	1789
YJL024C	1008
YJL023C	1170
YJL019W	2732
YJL016W	2078
YJL014W	1958
YJL012C	2259
YJL011C	938
YJL010C	2130
YJL008C	1991
YJL006C	1086
YJL004C	924
YJL003W	684
YJL002C	1624
YJL001W	1001
YJR001W	1967
YJR002W	2186
YJR003C	1697
YJR004C	2915
YJR005W	2437
YJR005C-A	618
YJR006W	1571
YJR007W	1185
YJR008W	1346
YJR009C	1406
YJR010W	1751
YJR010C-A	3826
YJR011C	911
YJR013W	1700
YJR014W	1236
YJR015W	1733
YJR016C	1938
YJR017C	771
YJR019C	1167
YJR021C	1080
YJR024C	824
YJR025C	876
YJR031C	4430
YJR032W	1334
YJR034W	622
YJR040W	2450
YJR041C	3774
YJR042W	2442
YJR043C	1292
YJR044C	752
YJR045C	2374
YJR046W	1944
YJR047C	669
YJR048W	571
YJR049C	1878
YJR050W	1014
YJR051W	1618
YJR052W	1827
YJR054W	1627
YJR055W	900
YJR056C	1053
YJR057W	815
YJR058C	784
YJR059W	2658
YJR060W	1784
YJR062C	2019
YJR063W	652
YJR064W	1875
YJR065C	1690
YJR067C	1379
YJR068W	1214
YJR069C	859
YJR070C	1335
YJR072C	1497
YJR073C	962
YJR074W	772
YJR075W	1508
YJR076C	1473
YJR077C	1137
YJR080C	1383
YJR082C	706
YJR083C	1256
YJR084W	1466
YJR085C	509
YJR086W	416
YJR088C	1204
YJR091C	3631
YJR093C	1204
YJR094C	1449
YJR094W-A	533
YJR095W	1261
YJR096W	1103
YJR097W	820
YJR098C	2197
YJR099W	880
YJR100C	1295
YJR101W	1051
YJR102C	985
YJR103W	1889
YJR104C	587
YJR105W	1481
YJR106W	2365
YJR107W	1632
YJR109C	3515
YJR110W	2337
YJR111C	1101
YJR112W	791
YJR112W-A	563
YJR113C	1238
YJR115W	1392
YJR116W	1153
YJR117W	1552
YJR118C	773
YJR119C	2271
YJR121W	2121
YJR122W	2496
YJR123W	929
YJR124C	1777
YJR125C	1459
YJR129C	1381
YJR130C	2113
YJR131W	2592
YJR132W	3374
YJR133W	887
YJR134C	2304
YJR135C	962
YJR135W-A	609
YJR136C	1376
YJR139C	1264
YJR141W	1211
YJR142W	1280
YJR143C	2491
YJR144W	905
YJR145C	1084
YJR147W	1628
YJR148W	1587
YJR149W	1505
YJR150C	1184
YJR152W	2004
YJR153W	2082
YJR155W	1303
YKL222C	2513
YKL218C	1664
YKL217W	2216
YKL216W	1299
YKL215C	4062
YKL214C	844
YKL213C	2296
YKL212W	2169
YKL211C	1692
YKL210W	3228
YKL208W	1028
YKL207W	850
YKL206C	970
YKL205W	3451
YKL204W	2118
YKL198C	2178
YKL197C	3565
YKL196C	791
YKL195W	1518
YKL194C	1674
YKL193C	1167
YKL192C	607
YKL191W	1751
YKL190W	970
YKL189W	1587
YKL186C	1119
YKL185W	2254
YKL184W	1922
YKL183W	1742
YKL181W	1619
YKL180W	687
YKL179C	2224
YKL178C	1731
YKL176C	2878
YKL175W	1850
YKL174C	2067
YKL173W	3157
YKL172W	1469
YKL170W	676
YKL168C	2374
YKL167C	588
YKL166C	1635
YKL165C	2961
YKL164C	1513
YKL163W	1391
YKL162C	1467
YKL161C	1897
YKL160W	1620
YKL159C	1329
YKL157W	2984
YKL156W	542
YKL155C	2035
YKL154W	894
YKL152C	1065
YKL151C	2130
YKL150W	1298
YKL149C	1433
YKL148C	2307
YKL146W	2340
YKL145W	1669
YKL144C	928
YKL143W	1536
YKL142W	897
YKL141W	978
YKL140W	2043
YKL139W	1828
YKL138C-A	504
YKL138C	927
YKL137W	707
YKL135C	2342
YKL134C	2636
YKL133C	1574
YKL132C	1761
YKL130C	1010
YKL129C	3951
YKL128C	1230
YKL127W	2157
YKL126W	2323
YKL125W	2141
YKL124W	1873
YKL122C	648
YKL121W	2943
YKL120W	1327
YKL119C	879
YKL117W	976
YKL116C	2065
YKL114C	1271
YKL113C	1333
YKL112W	2520
YKL110C	1560
YKL109W	2298
YKL108W	1625
YKL107W	1026
YKL106C-A	1020
YKL106W	1627
YKL105C	3772
YKL104C	2622
YKL103C	2179
YKL102C	621
YKL100C	2074
YKL099C	1019
YKL098W	1326
YKL097C	968
YKL096W-A	605
YKL096W	1952
YKL094W	2002
YKL093W	1249
YKL092C	3620
YKL091C	1067
YKL090W	1527
YKL089W	1900
YKL088W	1949
YKL087C	910
YKL086W	483
YKL085W	1772
YKL084W	568
YKL082C	1486
YKL081W	1525
YKL080W	1404
YKL079W	2123
YKL078W	2333
YKL077W	1574
YKL074C	1688
YKL073W	2781
YKL072W	2644
YKL071W	1092
YKL070W	1069
YKL069W	784
YKL068W-A	677
YKL068W	3104
YKL067W	816
YKL065W-A	806
YKL065C	1007
YKL063C	1360
YKL062W	2462
YKL061W	619
YKL060C	1285
YKL059C	1519
YKL058W	589
YKL057C	3228
YKL056C	1848
YKL055C	1314
YKL054C	2547
YKL053C-A	504
YKL052C	1348
YKL051W	1599
YKL049C	847
YKL048C	2168
YKL047W	1697
YKL046C	1844
YKL045W	1765
YKL044W	476
YKL043W	1575
YKL042W	1488
YKL041W	1095
YKL040C	1748
YKL039W	1935
YKL038W	4347
YKL035W	1801
YKL034W	2537
YKL033W-A	967
YKL029C	2211
YKL028W	1830
YKL027W	1585
YKL026C	812
YKL025C	2127
YKL024C	1003
YKL023C-A	534
YKL023W	1002
YKL020C	3407
YKL019W	1240
YKL018C-A	450
YKL018W	1161
YKL017C	2172
YKL016C	793
YKL015W	3142
YKL013C	831
YKL012W	2043
YKL011C	1279
YKL010C	4601
YKL009W	877
YKL008C	1598
YKL007W	979
YKL006C-A	1031
YKL006W	701
YKL005C	2103
YKL004W	1724
YKL003C	1583
YKL002W	1160
YKL001C	853
YKR001C	2327
YKR002W	2057
YKR003W	1546
YKR004C	1779
YKR006C	941
YKR007W	686
YKR008W	2030
YKR010C	2516
YKR011C	1294
YKR013W	1159
YKR014C	945
YKR015C	2606
YKR016W	1952
YKR017C	1953
YKR018C	2543
YKR019C	2117
YKR020W	883
YKR021W	3010
YKR022C	1189
YKR023W	1734
YKR024C	2389
YKR025W	942
YKR026C	1249
YKR027W	2399
YKR028W	3654
YKR029C	2351
YKR030W	1162
YKR035W-A	804
YKR036C	2088
YKR037C	1113
YKR038C	1334
YKR039W	2025
YKR041W	1191
YKR042W	1680
YKR043C	993
YKR044W	1643
YKR045C	2129
YKR046C	1056
YKR048C	1440
YKR049C	484
YKR050W	3720
YKR051W	1462
YKR052C	1644
YKR053C	2117
YKR055W	1321
YKR057W	576
YKR058W	2135
YKR059W	1557
YKR060W	1196
YKR061W	1432
YKR062W	1665
YKR063C	1710
YKR064W	2785
YKR065C	836
YKR066C	1237
YKR067W	2514
YKR068C	877
YKR069W	1999
YKR070W	1265
YKR071C	1376
YKR072C	2057
YKR074W	641
YKR075C	1242
YKR076W	1506
YKR077W	1285
YKR078W	1820
YKR079C	3016
YKR080W	1280
YKR081C	1216
YKR082W	3572
YKR083C	691
YKR084C	2024
YKR085C	778
YKR086W	3335
YKR087C	1213
YKR088C	1156
YKR089C	2894
YKR090W	2489
YKR091W	904
YKR092C	1391
YKR093W	2206
YKR094C	719
YKR095W-A	371
YKR096W	3770
YKR097W	2021
YKR098C	2317
YKR099W	2836
YKR100C	1881
YKR101W	2222
YKR104W	1225
YLL063C	1888
YLL062C	1122
YLL061W	1972
YLL060C	1770
YLL058W	2002
YLL056C	1981
YLL055W	2159
YLL054C	2922
YLL053C	1064
YLL051C	2263
YLL050C	591
YLL045C	1065
YLL043W	2216
YLL042C	560
YLL041C	1218
YLL039C	1597
YLL038C	1320
YLL036C	1608
YLL035W	2187
YLL034C	2699
YLL033W	1272
YLL031C	3216
YLL029W	2511
YLL028W	2285
YLL027W	1105
YLL026W	3000
YLL025W	587
YLL024C	2249
YLL023C	1048
YLL022C	1325
YLL018C-A	1512
YLL018C	2073
YLL015W	4866
YLL014W	692
YLL013C	3239
YLL012W	1900
YLL011W	1608
YLL010C	1697
YLL009C	451
YLL008W	2404
YLL007C	2269
YLL006W	2100
YLL004W	1948
YLL003W	2917
YLL002W	1441
YLL001W	2559
YLR001C	2734
YLR002C	2162
YLR003C	1017
YLR004C	1694
YLR005W	1671
YLR006C	2407
YLR007W	1119
YLR008C	891
YLR009W	919
YLR010C	683
YLR011W	979
YLR012C	654
YLR015W	1939
YLR016C	950
YLR017W	1111
YLR018C	1092
YLR019W	1744
YLR020C	1831
YLR021W	994
YLR022C	855
YLR023C	2255
YLR025W	1062
YLR026C	1346
YLR027C	1610
YLR028C	2080
YLR029C	1017
YLR031W	707
YLR032W	3613
YLR033W	1778
YLR034C	1774
YLR035C	2378
YLR036C	792
YLR037C	2045
YLR038C	355
YLR040C	979
YLR042C	703
YLR043C	678
YLR044C	1959
YLR045C	2787
YLR046C	2333
YLR048W	1080
YLR049C	1583
YLR050C	749
YLR051C	819
YLR052W	1489
YLR053C	441
YLR055C	1880
YLR056W	1294
YLR057W	2727
YLR058C	1675
YLR059C	1254
YLR060W	1965
YLR061W	538
YLR064W	2128
YLR065C	1044
YLR066W	887
YLR067C	3065
YLR068W	628
YLR069C	2462
YLR071C	3435
YLR072W	2157
YLR073C	966
YLR074C	863
YLR075W	1118
YLR077W	2059
YLR078C	912
YLR079W	1037
YLR080W	1435
YLR081W	1876
YLR082C	1586
YLR083C	2413
YLR085C	1502
YLR088W	2081
YLR089C	2273
YLR090W	1569
YLR091W	1298
YLR093C	1051
YLR094C	1710
YLR095C	2536
YLR097C	1181
YLR098C	2284
YLR099C	1397
YLR099W-A	1958
YLR100W	1283
YLR102C	991
YLR103C	2126
YLR104W	878
YLR105C	1380
YLR107W	1331
YLR108C	1627
YLR109W	638
YLR110C	535
YLR111W	623
YLR112W	917
YLR113W	1788
YLR114C	2810
YLR115W	2765
YLR116W	1633
YLR117C	2255
YLR118C	1182
YLR119W	918
YLR120C	2207
YLR121C	1707
YLR125W	1308
YLR126C	1062
YLR127C	2793
YLR128W	1238
YLR129W	2987
YLR130C	1670
YLR131C	2649
YLR132C	1327
YLR133W	2307
YLR134W	1868
YLR135W	2458
YLR136C	1180
YLR137W	1162
YLR138W	3131
YLR139C	2148
YLR141W	1556
YLR142W	1607
YLR143W	2302
YLR144C	2501
YLR145W	685
YLR146C	1214
YLR146W-A	441
YLR147C	564
YLR148W	2960
YLR149C	2452
YLR150W	1187
YLR151C	1445
YLR152C	1982
YLR153C	2414
YLR154C	501
YLR163C	1607
YLR164W	971
YLR165C	931
YLR166C	2696
YLR167W	564
YLR168C	1244
YLR170C	825
YLR172C	1180
YLR173W	2260
YLR174W	1611
YLR175W	1715
YLR177W	2001
YLR178C	1273
YLR179C	1016
YLR180W	1616
YLR181C	1333
YLR182W	2638
YLR183C	1721
YLR185W	602
YLR186W	986
YLR187W	3468
YLR188W	2420
YLR189C	3788
YLR190W	2311
YLR191W	1475
YLR192C	1226
YLR193C	777
YLR194C	1090
YLR195C	1748
YLR196W	2026
YLR197W	1784
YLR199C	1092
YLR200W	735
YLR201C	895
YLR203C	1747
YLR204W	563
YLR205C	1160
YLR207W	2622
YLR208W	1714
YLR209C	1157
YLR210W	1630
YLR211C	1112
YLR212C	1634
YLR213C	1899
YLR214W	2291
YLR215C	1248
YLR216C	1261
YLR218C	640
YLR219W	2543
YLR220W	1649
YLR221C	998
YLR222C	2599
YLR224W	1531
YLR225C	1423
YLR226W	1850
YLR228C	2810
YLR229C	1520
YLR231C	1566
YLR233C	2418
YLR234W	2535
YLR237W	2120
YLR238W	1673
YLR239C	1125
YLR240W	2820
YLR241W	2546
YLR242C	1169
YLR243W	1072
YLR244C	1684
YLR245C	636
YLR246W	1497
YLR248W	2632
YLR249W	3373
YLR250W	938
YLR251W	752
YLR253W	1916
YLR254C	1245
YLR255C	395
YLR257W	1337
YLR258W	2554
YLR259C	1986
YLR260W	2387
YLR261C	861
YLR262C-A	696
YLR264W	1253
YLR266C	2161
YLR267W	2001
YLR268W	1021
YLR270W	1369
YLR271W	1255
YLR272C	3660
YLR273C	2347
YLR274W	2501
YLR275W	673
YLR276C	1956
YLR277C	2563
YLR283W	1140
YLR284C	1033
YLR285W	1054
YLR285C-A	445
YLR286C	2102
YLR287C	1782
YLR287C-A	479
YLR288C	1582
YLR289W	2115
YLR290C	1044
YLR291C	1382
YLR292C	782
YLR293C	830
YLR295C	749
YLR296W	1378
YLR297W	897
YLR298C	1446
YLR299W	2178
YLR300W	1777
YLR301W	969
YLR303W	1871
YLR304C	2619
YLR306W	909
YLR307W	1083
YLR309C	4577
YLR312C	1566
YLR312W-A	998
YLR313C	2081
YLR314C	1773
YLR315W	1194
YLR316C	1104
YLR321C	1647
YLR323C	1101
YLR324W	1697
YLR325C	972
YLR326W	1015
YLR327C	487
YLR328W	1608
YLR330W	2215
YLR332W	1796
YLR333C	1052
YLR335W	2291
YLR336C	2864
YLR337C	2646
YLR340W	1259
YLR342W-A	1421
YLR344W	949
YLR345W	1668
YLR346C	631
YLR347C	3153
YLR348C	1102
YLR350W	910
YLR351C	1062
YLR352W	2641
YLR353W	2456
YLR354C	1245
YLR355C	1564
YLR356W	884
YLR357W	2916
YLR359W	1703
YLR360W	1558
YLR361C	2240
YLR361C-A	460
YLR362W	2332
YLR363C	1215
YLR363W-A	662
YLR364W	794
YLR367W	1184
YLR368W	1897
YLR369W	2142
YLR370C	750
YLR372W	1443
YLR373C	2803
YLR375W	1223
YLR376C	894
YLR378C	1890
YLR380W	1987
YLR382C	2850
YLR385C	3046
YLR386W	2862
YLR387C	1609
YLR388W	907
YLR389C	3335
YLR390W	4779
YLR390W-A	1351
YLR392C	2026
YLR393W	1787
YLR394W	2172
YLR395C	626
YLR396C	2354
YLR397C	2550
YLR398C	3964
YLR399C	2429
YLR401C	2846
YLR404W	1009
YLR405W	1371
YLR406C	780
YLR406C-A	815
YLR407W	1171
YLR408C	494
YLR409C	2955
YLR410W	3589
YLR411W	926
YLR412W	1874
YLR412C-A	1162
YLR413W	2245
YLR414C	1095
YLR417W	1928
YLR418C	1558
YLR419W	4481
YLR420W	1249
YLR421C	713
YLR423C	1612
YLR424W	2263
YLR426W	1102
YLR427W	2309
YLR429W	2193
YLR431C	1716
YLR432W	1984
YLR433C	2074
YLR435W	869
YLR436C	3931
YLR437C	648
YLR438W	1442
YLR438C-A	1114
YLR439W	1315
YLR440C	2407
YLR441C	1121
YLR442C	3080
YLR443W	1614
YLR446W	1668
YLR447C	1462
YLR448W	902
YLR449W	1311
YLR450W	3400
YLR451W	2936
YLR452C	2458
YLR453C	2054
YLR455W	1670
YLR456W	794
YLR457C	1173
YLR459W	1494
YLR460C	1437
YML131W	1406
YML130C	1909
YML129C	568
YML128C	1886
YML127W	2000
YML125C	1149
YML124C	1519
YML123C	2031
YML122C	608
YML121W	1252
YML120C	2008
YML119W	1600
YML118W	1670
YML116W	1865
YML115C	1936
YML114C	1742
YML113W	1215
YML112W	1033
YML110C	1697
YML109W	3423
YML108W	1021
YML107C	1149
YML106W	1056
YML105C	1001
YML104C	3494
YML102W	1728
YML101C	496
YML100W-A	868
YML100W	3455
YML099C	2821
YML098W	1115
YML097C	1498
YML096W	1831
YML095C	1654
YML094W	792
YML093W	2880
YML092C	996
YML088W	2193
YML087C	1139
YML086C	1855
YML085C	1582
YML083C	4397
YML082W	2184
YML081C-A	536
YML081W	3957
YML080W	1490
YML079W	688
YML078W	717
YML077W	675
YML076C	3024
YML075C	3352
YML074C	1399
YML073C	3228
YML072C	4974
YML071C	1998
YML070W	2085
YML069W	1788
YML068W	1626
YML067C	1358
YML065W	2932
YML064C	1099
YML063W	896
YML062C	1362
YML061C	2782
YML060W	1424
YML058W-A	393
YML058W	656
YML057W	2018
YML056C	1846
YML055W	781
YML054C	2003
YML053C	921
YML052W	1055
YML051W	1572
YML050W	1076
YML048W	1606
YML046W	2093
YML043C	1852
YML042W	2282
YML041C	1003
YML038C	1653
YML036W	635
YML035C	2803
YML034W	2783
YML032C	1757
YML031W	2085
YML030W	803
YML029W	2828
YML028W	1755
YML027W	1401
YML026C	800
YML025C	1051
YML024W	698
YML023C	1778
YML022W	1086
YML021C	1263
YML020W	2342
YML019W	1334
YML018C	1450
YML015C	1225
YML014W	985
YML013W	2022
YML012W	2180
YML011C	719
YML009C	469
YML008C	1517
YML007C-A	354
YML007W	2336
YML006C	2588
YML005W	1456
YML004C	1308
YML002W	3189
YML001W	967
YMR001C	2668
YMR002W	1021
YMR003W	718
YMR004W	1783
YMR005W	1383
YMR006C	2303
YMR007W	581
YMR008C	3086
YMR009W	714
YMR010W	1933
YMR011W	1774
YMR012W	4016
YMR013C	1701
YMR014W	1733
YMR015C	1977
YMR016C	2719
YMR017W	1409
YMR020W	1748
YMR021C	1596
YMR022W	649
YMR023C	1661
YMR024W	1313
YMR025W	997
YMR026C	1460
YMR027W	1628
YMR028W	1237
YMR029C	1708
YMR030W	1426
YMR031C	2797
YMR032W	2270
YMR030W-A	741
YMR033W	1673
YMR034C	1637
YMR035W	818
YMR036C	1847
YMR037C	2811
YMR038C	1203
YMR039C	1256
YMR040W	795
YMR041C	1324
YMR042W	1135
YMR043W	1592
YMR044W	1666
YMR047C	3497
YMR048W	1101
YMR049C	2555
YMR052W	1380
YMR054W	3005
YMR055C	1031
YMR056C	1172
YMR058W	2197
YMR059W	815
YMR060C	1053
YMR061W	2154
YMR062C	1455
YMR063W	1650
YMR066W	2780
YMR067C	1402
YMR068W	1416
YMR070W	1822
YMR071C	650
YMR072W	733
YMR073C	1108
YMR074C	767
YMR075W	2240
YMR076C	4059
YMR077C	868
YMR078C	2357
YMR079W	1295
YMR080C	3396
YMR081C	1416
YMR083W	1444
YMR085W	1635
YMR086W	3112
YMR087W	949
YMR088C	1956
YMR089C	2860
YMR090W	1581
YMR091C	1520
YMR092C	2038
YMR093W	1722
YMR094W	2070
YMR096W	1408
YMR097C	1261
YMR098C	2016
YMR099C	1196
YMR100W	2424
YMR101C	1465
YMR102C	2783
YMR103C	1475
YMR105C	2627
YMR105W-A	276
YMR106C	1989
YMR107W	546
YMR108W	2503
YMR109W	3785
YMR110C	1772
YMR111C	1632
YMR112C	663
YMR113W	1440
YMR114C	1252
YMR115W	1660
YMR116C	1226
YMR117C	869
YMR118C	742
YMR119W	2196
YMR120C	2058
YMR121C	718
YMR122C	1073
YMR122W-A	1216
YMR123W	710
YMR124W	3244
YMR125W	2824
YMR126C	1394
YMR127C	1338
YMR128W	3933
YMR129W	4165
YMR130W	1132
YMR131C	1766
YMR132C	971
YMR134W	1070
YMR135C	1467
YMR136W	1855
YMR137C	2171
YMR138W	1042
YMR139W	1435
YMR140W	2349
YMR141C	1602
YMR142C	741
YMR143W	658
YMR144W	1401
YMR145C	2237
YMR146C	1248
YMR147W	1929
YMR148W	1451
YMR152W	1187
YMR153W	1752
YMR154C	2408
YMR155W	1995
YMR156C	964
YMR157C	977
YMR158W	793
YMR158C-A	1766
YMR160W	2551
YMR161W	1235
YMR163C	2321
YMR165C	2847
YMR166C	1609
YMR167W	4490
YMR168C	2661
YMR169C	1616
YMR170C	1914
YMR171C	2124
YMR173W	1448
YMR174C	689
YMR175W	929
YMR176W	4435
YMR177W	1910
YMR178W	1134
YMR179W	2528
YMR180C	1108
YMR181C	1165
YMR182C	1217
YMR182W-A	1524
YMR183C	1244
YMR184W	647
YMR185W	3035
YMR186W	2236
YMR187C	1601
YMR188C	919
YMR189W	3348
YMR190C	4649
YMR192W	2346
YMR193W	921
YMR194W	670
YMR194C-B	691
YMR195W	1022
YMR196W	3410
YMR197C	934
YMR198W	2193
YMR199W	1991
YMR200W	1359
YMR201C	1455
YMR202W	814
YMR203W	1571
YMR204C	1644
YMR205C	3270
YMR206W	1331
YMR208W	1520
YMR209C	1578
YMR210W	1481
YMR211W	1591
YMR212C	2640
YMR213W	1879
YMR214W	1422
YMR215W	1857
YMR216C	2789
YMR217W	1714
YMR218C	3438
YMR220W	1667
YMR221C	1691
YMR222C	825
YMR223W	2078
YMR224C	2366
YMR225C	558
YMR226C	1433
YMR227C	1940
YMR228W	1168
YMR230W	674
YMR231W	3331
YMR233W	945
YMR234W	1298
YMR235C	1489
YMR236W	771
YMR237W	2454
YMR238W	1603
YMR239C	1660
YMR240C	1765
YMR241W	1441
YMR242C	648
YMR243C	1679
YMR244C-A	921
YMR246W	2499
YMR250W	2110
YMR251W-A	1148
YMR252C	685
YMR253C	1324
YMR255W	1167
YMR256C	544
YMR257C	2995
YMR258C	1798
YMR259C	4398
YMR260C	799
YMR261C	3482
YMR262W	1255
YMR263W	809
YMR264W	941
YMR265C	1471
YMR267W	1169
YMR268C	1586
YMR269W	732
YMR270C	1470
YMR271C	1372
YMR272C	1367
YMR273C	3028
YMR274C	1095
YMR275C	3111
YMR276W	1278
YMR277W	2449
YMR278W	2029
YMR279C	2052
YMR280C	4443
YMR281W	1130
YMR282C	1938
YMR284W	1987
YMR285C	1725
YMR286W	511
YMR287C	3097
YMR288W	2993
YMR289W	1642
YMR290C	1842
YMR291W	2024
YMR292W	565
YMR293C	1563
YMR294W	1290
YMR295C	913
YMR296C	1974
YMR297W	1818
YMR298W	611
YMR299C	1620
YMR300C	1893
YMR301C	2230
YMR302C	2683
YMR303C	1222
YMR305C	1588
YMR307W	1986
YMR308C	3491
YMR309C	2825
YMR310C	1104
YMR311C	876
YMR312W	1307
YMR313C	2125
YMR314W	1067
YMR315W	1291
YMR316W	1390
YMR318C	1402
YMR319C	2010
YMR320W	1862
YNL331C	1819
YNL330C	1603
YNL329C	3169
YNL328C	983
YNL327W	3277
YNL326C	1236
YNL325C	2725
YNL323W	1505
YNL322C	1536
YNL321W	2878
YNL320W	1078
YNL317W	1624
YNL316C	1143
YNL315C	1094
YNL314W	910
YNL313C	2835
YNL312W	1057
YNL311C	2371
YNL310C	772
YNL309W	1515
YNL308C	1953
YNL307C	1634
YNL306W	808
YNL305C	1183
YNL304W	1422
YNL302C	798
YNL301C	1002
YNL300W	843
YNL299W	2096
YNL298W	2826
YNL295W	1863
YNL294C	1947
YNL293W	2056
YNL292W	1385
YNL291C	2029
YNL290W	1155
YNL289W	1056
YNL288W	1422
YNL287W	3243
YNL286W	1105
YNL283C	2436
YNL282W	696
YNL281W	1394
YNL280C	1556
YNL278W	3498
YNL277W-A	511
YNL277W	1678
YNL275W	2076
YNL274C	1287
YNL272C	2496
YNL270C	2005
YNL268W	2161
YNL267W	3364
YNL265C	1206
YNL264C	1413
YNL263C	1273
YNL261W	1712
YNL259C	1515
YNL258C	2395
YNL256W	2624
YNL255C	1718
YNL254C	1369
YNL253W	1439
YNL252C	997
YNL251C	2168
YNL249C	2206
YNL248C	1534
YNL247W	2477
YNL246W	1577
YNL245C	1611
YNL244C	561
YNL243W	3049
YNL241C	1902
YNL240C	1620
YNL239W	1488
YNL238W	2863
YNL237W	1620
YNL236W	3065
YNL234W	1447
YNL233W	2945
YNL232W	1095
YNL231C	1283
YNL230C	1584
YNL229C	1428
YNL227C	1914
YNL225C	1903
YNL224C	2538
YNL223W	1583
YNL222W	890
YNL221C	2822
YNL220W	1616
YNL219C	2001
YNL218W	2220
YNL217W	1215
YNL216W	2735
YNL215W	1437
YNL214W	895
YNL213C	913
YNL212W	2584
YNL211C	1829
YNL209W	2050
YNL208W	842
YNL207W	1715
YNL206C	1619
YNL202W	1169
YNL201C	3035
YNL200C	994
YNL199C	1907
YNL197C	3044
YNL193W	1821
YNL192W	3735
YNL191W	1288
YNL190W	1612
YNL189W	2070
YNL188W	1441
YNL187W	1664
YNL186W	2785
YNL185C	865
YNL183C	2694
YNL182C	2224
YNL181W	1437
YNL180C	1352
YNL178W	1007
YNL177C	1301
YNL176C	2352
YNL175C	1371
YNL173C	1246
YNL169C	1927
YNL168C	979
YNL167C	2546
YNL166C	1514
YNL165W	1522
YNL164C	1432
YNL163C	3560
YNL162W-A	680
YNL162W	443
YNL161W	2829
YNL160W	1326
YNL159C	1535
YNL157W	1322
YNL156C	1298
YNL155W	1080
YNL154C	2094
YNL153C	671
YNL152W	1336
YNL151C	1047
YNL149C	515
YNL148C	1701
YNL147W	735
YNL146C-A	715
YNL146W	763
YNL145W	344
YNL144C	2403
YNL142W	1881
YNL141W	1242
YNL140C	1897
YNL138W-A	559
YNL138W	1812
YNL137C	1826
YNL136W	1466
YNL135C	1329
YNL134C	1535
YNL133C	675
YNL132W	3399
YNL131W	836
YNL130C	1301
YNL130C-A	941
YNL129W	1182
YNL127W	3121
YNL126W	2669
YNL125C	2339
YNL124W	1637
YNL123W	3119
YNL122C	688
YNL121C	2140
YNL119W	1696
YNL118C	3135
YNL116W	1795
YNL115C	2142
YNL113W	810
YNL112W	1817
YNL111C	852
YNL110C	1171
YNL108C	1012
YNL107W	897
YNL106C	3849
YNL104C	2180
YNL103W	2293
YNL101W	2544
YNL100W	927
YNL099C	1091
YNL098C	1401
YNL097C	1254
YNL096C	881
YNL095C	2369
YNL094W	2221
YNL093W	1200
YNL092W	1326
YNL091W	3938
YNL090W	1183
YNL087W	3834
YNL086W	766
YNL085W	3071
YNL084C	1350
YNL083W	1855
YNL082W	2762
YNL081C	861
YNL080C	1401
YNL079C	1118
YNL078W	1684
YNL077W	1810
YNL076W	2111
YNL075W	1089
YNL074C	1717
YNL073W	1861
YNL072W	1086
YNL071W	1644
YNL070W	601
YNL069C	991
YNL068C	2847
YNL067W	942
YNL066W	2181
YNL065W	1983
YNL064C	1690
YNL063W	1146
YNL062C	1800
YNL061W	2035
YNL059C	2418
YNL058C	1561
YNL056W	986
YNL055C	1119
YNL053W	1750
YNL052W	855
YNL051W	1383
YNL050C	953
YNL049C	2814
YNL048W	1791
YNL047C	2094
YNL046W	922
YNL045W	2226
YNL044W	837
YNL042W	1541
YNL041C	2826
YNL040W	1633
YNL039W	1972
YNL038W	831
YNL037C	1296
YNL036W	871
YNL035C	1467
YNL033W	989
YNL032W	1223
YNL031C	679
YNL030W	1356
YNL029C	1685
YNL027W	2249
YNL026W	1604
YNL025C	1926
YNL024C-A	757
YNL024C	906
YNL023C	3150
YNL022C	1656
YNL021W	2344
YNL020C	2116
YNL016W	2042
YNL015W	353
YNL011C	1452
YNL010W	1002
YNL009W	1429
YNL008C	2092
YNL007C	1562
YNL006W	1344
YNL005C	1265
YNL004W	1662
YNL003C	1651
YNL002C	1144
YNL001W	1329
YNR001C	1839
YNR002C	1147
YNR003C	1463
YNR004W	1319
YNR006W	2071
YNR007C	1296
YNR008W	2292
YNR009W	981
YNR010W	616
YNR011C	2795
YNR012W	1715
YNR013C	2864
YNR014W	892
YNR015W	1291
YNR017W	1515
YNR018W	853
YNR021W	1498
YNR022C	552
YNR023W	1840
YNR024W	782
YNR026C	1798
YNR027W	1411
YNR028W	1152
YNR029C	1505
YNR030W	1962
YNR032W	1330
YNR032C-A	923
YNR033W	2698
YNR034W	1353
YNR034W-A	587
YNR035C	1234
YNR036C	715
YNR037C	507
YNR038W	2085
YNR039C	1938
YNR040W	931
YNR041C	1253
YNR043W	1753
YNR044W	2366
YNR045W	1633
YNR046W	1306
YNR047W	3008
YNR048W	1476
YNR049C	988
YNR050C	1847
YNR051C	2746
YNR052C	1515
YNR053C	1747
YNR054C	1190
YNR055C	2377
YNR056C	2345
YNR057C	922
YNR059W	1948
YNR061C	1141
YNR064C	1115
YNR067C	3500
YNR068C	1240
YNR071C	1549
YNR073C	1706
YNR074C	1294
YNR076W	1842
YOL164W	2284
YOL163W	1150
YOL162W	847
YOL160W	683
YOL159C-A	979
YOL159C	742
YOL158C	2278
YOL157C	2030
YOL155C	3083
YOL154W	1119
YOL152W	2036
YOL151W	1123
YOL147C	941
YOL146W	692
YOL144W	1562
YOL143C	832
YOL142W	933
YOL141W	2786
YOL140W	2469
YOL139C	887
YOL138C	4128
YOL137W	1809
YOL136C	1818
YOL135C	886
YOL133W	776
YOL130W	3189
YOL129W	761
YOL128C	1519
YOL127W	547
YOL126C	1541
YOL125W	1520
YOL124C	1480
YOL123W	2128
YOL122C	1991
YOL121C	600
YOL120C	792
YOL119C	1796
YOL118C	812
YOL116W	1579
YOL115W	1948
YOL114C	717
YOL113W	2241
YOL112W	1749
YOL111C	901
YOL110W	1086
YOL109W	593
YOL108C	727
YOL107W	1437
YOL105C	2081
YOL104C	1539
YOL103W	2231
YOL102C	832
YOL101C	1112
YOL098C	3446
YOL097W-A	469
YOL097C	1549
YOL096C	1154
YOL095C	2229
YOL094C	1237
YOL093W	1404
YOL092W	1138
YOL090W	3017
YOL089C	3329
YOL088C	1088
YOL087C	3769
YOL086W-A	483
YOL086C	1562
YOL083W	1464
YOL082W	1659
YOL080C	1187
YOL078W	3615
YOL077W-A	486
YOL077C	1106
YOL076W	2579
YOL073C	1096
YOL072W	1526
YOL071W	742
YOL070C	1736
YOL069W	1541
YOL068C	1716
YOL067C	1633
YOL066C	1932
YOL065C	1352
YOL064C	1216
YOL063C	2995
YOL062C	1583
YOL061W	1738
YOL060C	2464
YOL059W	1650
YOL058W	1493
YOL057W	2361
YOL056W	1191
YOL055C	1990
YOL054W	1495
YOL053W	1252
YOL052C-A	497
YOL052C	1457
YOL049W	1680
YOL048C	1241
YOL044W	1306
YOL043C	1350
YOL042W	1541
YOL041C	1647
YOL040C	811
YOL039W	1050
YOL038C-A	368
YOL038W	1373
YOL036W	2829
YOL034W	3389
YOL033W	1787
YOL032W	916
YOL031C	1436
YOL030W	1807
YOL029C	1217
YOL028C	1658
YOL027C	1944
YOL026C	662
YOL025W	2136
YOL024W	582
YOL023W	2303
YOL022C	1429
YOL021C	3164
YOL020W	1982
YOL019W	2021
YOL018C	1465
YOL017W	2348
YOL016C	1593
YOL015W	2567
YOL014W	1161
YOL013C	1924
YOL012C	952
YOL011W	3099
YOL010W	1371
YOL009C	944
YOL008W	818
YOL007C	1602
YOL006C	2632
YOL005C	706
YOL003C	1327
YOL002C	1305
YOL001W	1418
YOR001W	2371
YOR002W	2095
YOR003W	1680
YOR004W	999
YOR005C	2982
YOR006C	1185
YOR007C	1352
YOR008C	1708
YOR010C	1261
YOR014W	2842
YOR015W	2441
YOR016C	1000
YOR017W	2580
YOR018W	2732
YOR020C	1266
YOR020W-A	775
YOR021C	2004
YOR022C	2209
YOR023C	1856
YOR025W	1511
YOR026W	1241
YOR027W	2103
YOR028C	1487
YOR030W	2809
YOR032C	1610
YOR032W-A	1699
YOR033C	2336
YOR034C	2585
YOR034C-A	1012
YOR035C	2634
YOR036W	958
YOR037W	1341
YOR038C	2777
YOR039W	1269
YOR040W	903
YOR042W	1490
YOR043W	2279
YOR044W	995
YOR045W	682
YOR046C	1527
YOR047C	1713
YOR048C	3278
YOR049C	1470
YOR051C	1478
YOR052C	842
YOR054C	2256
YOR056C	1542
YOR057W	1338
YOR058C	3056
YOR059C	1443
YOR060C	1842
YOR061W	1414
YOR062C	1095
YOR063W	1857
YOR064C	822
YOR065W	1813
YOR066W	2121
YOR067C	1920
YOR069W	2261
YOR070C	2146
YOR071C	2151
YOR073W	1962
YOR074C	1405
YOR075W	1136
YOR076C	2334
YOR077W	900
YOR078W	1331
YOR079C	1265
YOR080W	2596
YOR081C	2350
YOR083W	1766
YOR084W	2138
YOR085W	1222
YOR086C	3852
YOR087W	2234
YOR089C	1547
YOR090C	2112
YOR091W	1565
YOR092W	2282
YOR094W	1020
YOR095C	1505
YOR096W	1426
YOR097C	868
YOR098C	3396
YOR099W	1474
YOR100C	1326
YOR101W	1331
YOR103C	1059
YOR104W	873
YOR105W	1227
YOR106W	1057
YOR107W	1558
YOR108W	2090
YOR109W	3639
YOR110W	1511
YOR111W	1065
YOR112W	2427
YOR114W	1318
YOR115C	1127
YOR116C	4680
YOR117W	1549
YOR118W	2016
YOR119C	2529
YOR120W	1749
YOR122C	705
YOR123C	1558
YOR124C	4005
YOR125C	998
YOR126C	861
YOR127W	3440
YOR128C	1830
YOR129C	2982
YOR130C	1232
YOR131C	853
YOR132W	1827
YOR133W	2843
YOR136W	1496
YOR137C	2366
YOR138C	2166
YOR140W	3082
YOR141C	2972
YOR142W	1466
YOR143C	1404
YOR144C	2547
YOR145C	1049
YOR147W	2064
YOR148C	761
YOR149C	2032
YOR150W	638
YOR151C	4297
YOR152C	1468
YOR154W	1968
YOR155C	1462
YOR156C	2588
YOR157C	1059
YOR158W	1176
YOR159C	1085
YOR160W	3112
YOR161C	1852
YOR161C-C	1017
YOR162C	3061
YOR163W	981
YOR164C	1253
YOR165W	2627
YOR166C	1607
YOR167C	445
YOR168W	2583
YOR171C	2166
YOR172W	2595
YOR173W	1274
YOR174W	1177
YOR175C	2490
YOR176W	1437
YOR178C	2908
YOR179C	1084
YOR180C	1570
YOR181W	2099
YOR182C	618
YOR183W	514
YOR184W	1449
YOR185C	876
YOR186W	1209
YOR187W	1652
YOR188W	3642
YOR189W	1208
YOR190W	1658
YOR192C	3638
YOR193W	1316
YOR194C	1305
YOR195W	2762
YOR196C	1515
YOR197W	1506
YOR198C	1874
YOR201C	1408
YOR202W	869
YOR204W	2595
YOR205C	1773
YOR206W	2244
YOR207C	3627
YOR208W	2612
YOR209C	1661
YOR210W	693
YOR211C	2944
YOR212W	1619
YOR213C	1198
YOR215C	732
YOR216C	1674
YOR217W	2908
YOR219C	3165
YOR220W	1360
YOR221C	1406
YOR222W	1455
YOR223W	1124
YOR224C	1155
YOR226C	920
YOR227W	4136
YOR228C	1316
YOR229W	1697
YOR230W	1653
YOR231W	1918
YOR232W	1010
YOR233W	2650
YOR234C	662
YOR236W	1110
YOR237W	1398
YOR238W	1162
YOR239W	2159
YOR243C	2421
YOR244W	1573
YOR245C	1655
YOR246C	1144
YOR249C	2164
YOR250C	1424
YOR251C	1204
YOR252W	721
YOR253W	761
YOR254C	2157
YOR255W	1295
YOR256C	2646
YOR257W	735
YOR258W	763
YOR259C	1595
YOR260W	1997
YOR261C	1252
YOR262W	1215
YOR264W	1565
YOR265W	625
YOR266W	1391
YOR267C	2641
YOR269W	1722
YOR270C	2855
YOR271C	1179
YOR272W	1529
YOR273C	2199
YOR274W	1581
YOR275C	2236
YOR276W	702
YOR278W	1084
YOR279C	1152
YOR280C	925
YOR281C	1004
YOR283W	975
YOR284W	1098
YOR285W	619
YOR286W	738
YOR287C	1051
YOR288C	1887
YOR289W	866
YOR291W	4674
YOR292C	1056
YOR293W	488
YOR293C-A	288
YOR294W	812
YOR295W	986
YOR296W	4171
YOR297C	1014
YOR298C-A	1127
YOR299W	2442
YOR301W	1775
YOR302W	1633
YOR303W	1448
YOR304W	3489
YOR304C-A	923
YOR305W	2503
YOR306C	1850
YOR307C	1839
YOR308C	2167
YOR310C	1675
YOR311C	1523
YOR312C	785
YOR313C	1772
YOR315W	1619
YOR316C	1628
YOR316C-A	1672
YOR317W	2458
YOR319W	1042
YOR320C	1698
YOR321W	2378
YOR322C	2880
YOR323C	1707
YOR324C	2103
YOR327C	698
YOR329C	2919
YOR332W	853
YOR334W	1553
YOR335C	3206
YOR336W	4242
YOR337W	2584
YOR338W	1389
YOR339C	733
YOR340C	1093
YOR342C	1338
YOR343C	1063
YOR344C	1497
YOR346W	3232
YOR347C	2731
YOR348C	2080
YOR350C	2144
YOR352W	1215
YOR354C	2249
YOR355W	2341
YOR356W	2106
YOR357C	632
YOR358W	1214
YOR359W	2003
YOR360C	1940
YOR362C	1417
YOR367W	718
YOR368W	1374
YOR369C	592
YOR370C	3014
YOR371C	2826
YOR372C	2070
YOR374W	1754
YOR375C	1575
YOR376W-A	1418
YOR377W	1851
YOR378W	1707
YOR380W	1940
YOR381W	2719
YOR381W-A	991
YOR382W	879
YOR383C	1274
YOR384W	3162
YOR385W	1166
YOR386W	1939
YOR387C	1383
YOR390W	1474
YPL279C	1479
YPL274W	1883
YPL273W	1287
YPL271W	899
YPL270W	2465
YPL269W	2078
YPL268W	2747
YPL267W	788
YPL266W	1208
YPL265W	2270
YPL264C	1344
YPL263C	2136
YPL262W	1777
YPL261C	810
YPL260W	1945
YPL259C	1673
YPL258C	2328
YPL257W	1572
YPL256C	2048
YPL255W	1453
YPL254W	1777
YPL253C	2094
YPL252C	728
YPL250C	689
YPL249C-A	534
YPL249C	2856
YPL248C	2866
YPL247C	1766
YPL246C	936
YPL245W	1482
YPL244C	1271
YPL243W	1960
YPL241C	872
YPL240C	2341
YPL239W	1327
YPL237W	1130
YPL236C	1424
YPL235W	1551
YPL234C	689
YPL233W	827
YPL232W	1796
YPL230W	1431
YPL229W	1086
YPL228W	1996
YPL227C	1378
YPL226W	3874
YPL225W	623
YPL224C	1851
YPL223C	847
YPL222W	2282
YPL221W	2806
YPL220W	865
YPL219W	1707
YPL218W	890
YPL217C	3654
YPL215W	1772
YPL214C	1844
YPL213W	889
YPL212C	1869
YPL211W	911
YPL210C	2141
YPL209C	1293
YPL208W	1872
YPL207W	2591
YPL206C	1351
YPL204W	1800
YPL203W	1692
YPL202C	1717
YPL201C	1755
YPL200W	1049
YPL199C	802
YPL198W	999
YPL196W	1005
YPL195W	2934
YPL194W	2097
YPL193W	1795
YPL192C	688
YPL191C	1668
YPL190C	2972
YPL189C-A	586
YPL189W	2077
YPL188W	1536
YPL187W	769
YPL186C	1285
YPL184C	2936
YPL183W-A	899
YPL183C	3174
YPL181W	1878
YPL180W	2654
YPL179W	2072
YPL178W	836
YPL177C	1220
YPL176C	2679
YPL175W	1854
YPL173W	1127
YPL172C	1668
YPL171C	1373
YPL170W	753
YPL169C	2053
YPL168W	1528
YPL166W	1883
YPL165C	1468
YPL164C	2291
YPL163C	1588
YPL162C	1588
YPL160W	3621
YPL159C	1186
YPL158C	2408
YPL157W	1499
YPL156C	1269
YPL155C	2583
YPL154C	1642
YPL153C	2805
YPL152W-A	978
YPL152W	1296
YPL151C	1461
YPL150W	2854
YPL149W	1076
YPL148C	1121
YPL146C	1578
YPL145C	2129
YPL144W	730
YPL143W	699
YPL141C	3060
YPL140C	1963
YPL139C	1567
YPL138C	1332
YPL137C	4111
YPL135W	1446
YPL134C	1553
YPL133C	1659
YPL132W	1154
YPL131W	1213
YPL129W	1023
YPL128C	2034
YPL127C	1136
YPL126W	2803
YPL125W	3322
YPL124W	923
YPL123C	1531
YPL122C	1690
YPL120W	1825
YPL119C-A	1727
YPL118W	1260
YPL117C	1256
YPL116W	2231
YPL113C	1324
YPL112C	1346
YPL111W	1157
YPL109C	2064
YPL108W	644
YPL107W	1078
YPL106C	2338
YPL105C	2650
YPL104W	2186
YPL103C	2039
YPL101W	1651
YPL100W	1657
YPL099C	946
YPL098C	757
YPL097W	1625
YPL096C-A	327
YPL096W	1214
YPL095C	1460
YPL094C	1240
YPL093W	2279
YPL092W	1854
YPL091W	1715
YPL090C	1030
YPL089C	2418
YPL088W	1175
YPL087W	1309
YPL086C	1869
YPL084W	2728
YPL083C	2090
YPL081W	1297
YPL080C	538
YPL079W	621
YPL078C	1051
YPL077C	1189
YPL076W	1785
YPL075W	2606
YPL074W	2443
YPL072W	1747
YPL071C	762
YPL070W	2270
YPL069C	1270
YPL068C	1026
YPL067C	1183
YPL066W	1798
YPL065W	892
YPL064C	1076
YPL063W	1773
YPL062W	765
YPL061W	1762
YPL060W	1536
YPL059W	782
YPL057C	1851
YPL056C	1158
YPL055C	1531
YPL054W	1367
YPL053C	1549
YPL052W	1154
YPL051W	818
YPL050C	1533
YPL049C	1846
YPL048W	1515
YPL047W	891
YPL046C	1162
YPL045W	2726
YPL043W	2225
YPL042C	2072
YPL041C	825
YPL040C	3105
YPL039W	1147
YPL038W-A	1160
YPL038W	839
YPL037C	1526
YPL036W	3783
YPL034W	1054
YPL033C	1002
YPL032C	3040
YPL031C	1032
YPL030W	1859
YPL029W	2321
YPL028W	1446
YPL026C	1849
YPL024W	962
YPL023C	2294
YPL022W	3613
YPL020C	2078
YPL019C	2796
YPL018W	2280
YPL015C	1457
YPL014W	1520
YPL013C	727
YPL012W	3871
YPL011C	1338
YPL010W	878
YPL009C	3355
YPL008W	2894
YPL007C	1911
YPL006W	3761
YPL005W	1938
YPL004C	1279
YPL003W	1424
YPL002C	1135
YPL001W	1210
YPR001W	1669
YPR002W	1762
YPR003C	2523
YPR004C	1191
YPR005C	1327
YPR008W	2533
YPR009W	994
YPR010C	3884
YPR010C-A	624
YPR011C	1334
YPR013C	1885
YPR015C	974
YPR016C	1480
YPR017C	932
YPR018W	2034
YPR019W	3065
YPR020W	618
YPR023C	1647
YPR024W	2943
YPR025C	1851
YPR028W	1239
YPR029C	2747
YPR030W	3488
YPR033C	1807
YPR034W	1768
YPR035W	1513
YPR036W	1595
YPR036W-A	600
YPR037C	722
YPR040W	1188
YPR041W	1572
YPR043W	381
YPR045C	1588
YPR046W	650
YPR047W	1553
YPR048W	1973
YPR049C	3672
YPR051W	732
YPR052C	604
YPR054W	1911
YPR056W	1341
YPR057W	1249
YPR058W	1281
YPR060C	1013
YPR061C	1096
YPR062W	727
YPR063C	1016
YPR064W	1044
YPR065W	1544
YPR066W	1159
YPR067W	1321
YPR068C	1606
YPR069C	1200
YPR070W	2070
YPR071W	1296
YPR072W	1904
YPR073C	955
YPR074C	2313
YPR075C	1378
YPR079W	1348
YPR080W	1635
YPR081C	2645
YPR082C	593
YPR083W	1908
YPR084W	1625
YPR085C	1541
YPR086W	1394
YPR088C	1799
YPR089W	2848
YPR091C	2657
YPR093C	1847
YPR094W	554
YPR097W	3623
YPR098C	535
YPR099C	889
YPR100W	587
YPR101W	762
YPR102C	653
YPR103W	1147
YPR104C	3412
YPR105C	2775
YPR106W	1443
YPR107C	928
YPR108W	1611
YPR109W	1229
YPR110C	1336
YPR111W	1990
YPR112C	2828
YPR113W	890
YPR114W	1423
YPR115W	3692
YPR116W	2390
YPR118W	1402
YPR119W	1948
YPR120C	1599
YPR121W	2164
YPR124W	1651
YPR125W	1699
YPR127W	1171
YPR128C	1121
YPR129W	1179
YPR131C	863
YPR132W	541
YPR133C	1484
YPR133W-A	443
YPR134W	968
YPR135W	2897
YPR137W	1961
YPR138C	1908
YPR139C	1111
YPR140W	1385
YPR141C	2517
YPR143W	1102
YPR144C	1752
YPR145W	1992
YPR145C-A	498
YPR147C	1188
YPR148C	1538
YPR149W	1091
YPR151C	1014
YPR152C	1837
YPR153W	623
YPR154W	1227
YPR155C	2061
YPR156C	2399
YPR157W	1847
YPR158W	981
YPR159W	2786
YPR160W	2984
YPR161C	2178
YPR162C	1659
YPR163C	1575
YPR165W	1149
YPR166C	604
YPR167C	997
YPR168W	787
YPR169W	2001
YPR170W-B	565
YPR171W	1890
YPR172W	903
YPR173C	1933
YPR174C	831
YPR175W	2143
YPR176C	1200
YPR178W	1520
YPR179C	2062
YPR180W	1112
YPR181C	2586
YPR182W	578
YPR183W	1373
YPR185W	2836
YPR186C	1428
YPR187W	1283
YPR188C	671
YPR189W	4444
YPR190C	2100
YPR191W	1663
YPR192W	1078
YPR193C	1120
YPR194C	3119
YPR195C	944
YPR196W	1873
YPR198W	1900
YPR199C	1091
YPR200C	1989
YPR201W	1373
